step,agent_id,type,side,price,quantity
0,MM_01,limit,buy,99.9,10
1,MM_01,limit,buy,99.57,10
1,Arb_01,market,buy,MKT,5
2,MM_01,limit,buy,98.75,10
2,Arb_01,market,buy,MKT,5
3,MM_01,limit,buy,98.19,10
3,Trend_01,market,sell,MKT,5
3,Arb_01,market,sell,MKT,5
4,MM_01,limit,buy,98.2,10
4,Trend_01,market,sell,MKT,5
4,Arb_01,market,sell,MKT,5
5,MM_01,limit,buy,98.54,10
5,Trend_01,market,buy,MKT,5
5,Arb_01,market,buy,MKT,5
6,MM_01,limit,buy,98.05,10
6,Trend_01,market,sell,MKT,5
6,Arb_01,market,sell,MKT,5
7,MM_01,limit,sell,97.97,10
7,Trend_01,market,sell,MKT,5
7,Arb_01,market,buy,MKT,5
8,MM_01,limit,sell,98.25,10
8,Trend_01,market,sell,MKT,5
9,MM_01,limit,sell,98.33,10
9,Trend_01,market,buy,MKT,5
10,MM_01,limit,buy,98.5,10
10,Trend_01,market,buy,MKT,5
10,Arb_01,market,sell,MKT,5
11,MM_01,limit,sell,98.74,10
11,Trend_01,market,buy,MKT,5
12,MM_01,limit,buy,99.02,10
12,Trend_01,market,buy,MKT,5
13,MM_01,limit,buy,99.31,10
13,Trend_01,market,buy,MKT,5
13,Arb_01,market,buy,MKT,5
14,MM_01,limit,buy,99.21,10
14,Trend_01,market,buy,MKT,5
14,Arb_01,market,buy,MKT,5
15,MM_01,limit,buy,98.98,10
15,Trend_01,market,sell,MKT,5
15,Arb_01,market,sell,MKT,5
16,MM_01,limit,sell,98.9,10
16,Trend_01,market,sell,MKT,5
17,MM_01,limit,sell,98.94,10
17,Trend_01,market,sell,MKT,5
17,Arb_01,market,sell,MKT,5
18,MM_01,limit,sell,99.2,10
18,Trend_01,market,buy,MKT,5
18,Arb_01,market,sell,MKT,5
19,MM_01,limit,sell,99.15,10
19,Trend_01,market,buy,MKT,5
20,MM_01,limit,buy,99.25,10
20,Trend_01,market,buy,MKT,5
21,MM_01,limit,buy,99.36,10
21,Trend_01,market,buy,MKT,5
21,Arb_01,market,sell,MKT,5
22,MM_01,limit,sell,99.21,10
22,Trend_01,market,sell,MKT,5
22,Arb_01,market,sell,MKT,5
23,MM_01,limit,sell,99.23,10
23,Trend_01,market,sell,MKT,5
23,Arb_01,market,buy,MKT,5
24,MM_01,limit,buy,99.68,10
24,Trend_01,market,buy,MKT,5
24,Arb_01,market,buy,MKT,5
25,MM_01,limit,buy,100.7,10
25,Trend_01,market,buy,MKT,5
26,MM_01,limit,buy,100.7,10
26,Trend_01,market,buy,MKT,5
27,MM_01,limit,buy,100.5,10
27,Trend_01,market,buy,MKT,5
28,MM_01,limit,buy,100.49,10
28,Trend_01,market,sell,MKT,5
28,Arb_01,market,sell,MKT,5
29,MM_01,limit,sell,100.49,10
29,Trend_01,market,sell,MKT,5
29,Arb_01,market,sell,MKT,5
30,MM_01,limit,sell,100.53,10
30,Trend_01,market,sell,MKT,5
30,Arb_01,market,buy,MKT,5
31,MM_01,limit,sell,100.13,10
31,Trend_01,market,sell,MKT,5
31,Arb_01,market,buy,MKT,5
32,MM_01,limit,buy,100.03,10
32,Trend_01,market,sell,MKT,5
32,Arb_01,market,buy,MKT,5
33,MM_01,limit,sell,101.05,10
33,Trend_01,market,buy,MKT,5
33,Arb_01,market,sell,MKT,5
34,MM_01,limit,buy,101.09,10
34,Trend_01,market,buy,MKT,5
34,Arb_01,market,sell,MKT,5
35,MM_01,limit,sell,101.56,10
35,Trend_01,market,buy,MKT,5
36,MM_01,limit,buy,100.91,10
36,Trend_01,market,sell,MKT,5
37,MM_01,limit,sell,101.57,10
37,Trend_01,market,buy,MKT,5
37,Arb_01,market,sell,MKT,5
38,MM_01,limit,buy,102.0,10
38,Trend_01,market,buy,MKT,5
39,MM_01,limit,buy,102.44,10
39,Trend_01,market,buy,MKT,5
39,Arb_01,market,buy,MKT,5
40,MM_01,limit,buy,102.28,10
40,Trend_01,market,buy,MKT,5
40,Arb_01,market,buy,MKT,5
41,MM_01,limit,buy,102.35,10
41,Trend_01,market,buy,MKT,5
41,Arb_01,market,sell,MKT,5
42,MM_01,limit,sell,102.47,10
42,Trend_01,market,sell,MKT,5
43,MM_01,limit,sell,103.01,10
43,Trend_01,market,buy,MKT,5
43,Arb_01,market,sell,MKT,5
44,MM_01,limit,buy,103.81,10
44,Trend_01,market,buy,MKT,5
44,Arb_01,market,buy,MKT,5
45,MM_01,limit,buy,104.28,10
45,Trend_01,market,buy,MKT,5
45,Arb_01,market,buy,MKT,5
46,MM_01,limit,buy,104.1,10
46,Trend_01,market,buy,MKT,5
47,MM_01,limit,buy,104.38,10
47,Trend_01,market,buy,MKT,5
47,Arb_01,market,sell,MKT,5
48,MM_01,limit,sell,104.06,10
48,Trend_01,market,sell,MKT,5
48,Arb_01,market,buy,MKT,5
49,MM_01,limit,buy,103.69,10
49,Trend_01,market,sell,MKT,5
49,Arb_01,market,buy,MKT,5
50,MM_01,limit,sell,102.79,10
50,Trend_01,market,sell,MKT,5
50,Arb_01,market,sell,MKT,5
51,MM_01,limit,sell,102.99,10
51,Trend_01,market,sell,MKT,5
52,MM_01,limit,sell,102.85,10
52,Trend_01,market,sell,MKT,5
52,Arb_01,market,sell,MKT,5
53,MM_01,limit,sell,103.03,10
53,Trend_01,market,buy,MKT,5
54,MM_01,limit,buy,104.07,10
54,Trend_01,market,buy,MKT,5
55,MM_01,limit,buy,104.57,10
55,Trend_01,market,buy,MKT,5
56,MM_01,limit,buy,104.42,10
56,Trend_01,market,buy,MKT,5
56,Arb_01,market,sell,MKT,5
57,MM_01,limit,sell,105.0,10
57,Trend_01,market,buy,MKT,5
57,Arb_01,market,buy,MKT,5
58,MM_01,limit,buy,105.18,10
58,Trend_01,market,buy,MKT,5
59,MM_01,limit,buy,104.77,10
59,Trend_01,market,sell,MKT,5
59,Arb_01,market,buy,MKT,5
60,MM_01,limit,buy,104.83,10
60,Trend_01,market,sell,MKT,5
60,Arb_01,market,buy,MKT,5
61,MM_01,limit,sell,104.96,10
61,Trend_01,market,sell,MKT,5
61,Arb_01,market,buy,MKT,5
62,MM_01,limit,buy,103.78,10
62,Trend_01,market,sell,MKT,5
62,Arb_01,market,sell,MKT,5
63,MM_01,limit,sell,104.97,10
63,Trend_01,market,buy,MKT,5
63,Arb_01,market,buy,MKT,5
64,MM_01,limit,buy,105.63,10
64,Trend_01,market,buy,MKT,5
64,Arb_01,market,sell,MKT,5
65,MM_01,limit,sell,105.34,10
65,Trend_01,market,buy,MKT,5
65,Arb_01,market,buy,MKT,5
66,MM_01,limit,buy,104.9,10
66,Trend_01,market,sell,MKT,5
66,Arb_01,market,buy,MKT,5
67,MM_01,limit,buy,104.89,10
67,Trend_01,market,sell,MKT,5
68,MM_01,limit,sell,104.09,10
68,Trend_01,market,sell,MKT,5
69,MM_01,limit,sell,104.98,10
69,Trend_01,market,buy,MKT,5
69,Arb_01,market,buy,MKT,5
70,MM_01,limit,buy,103.92,10
70,Trend_01,market,sell,MKT,5
70,Arb_01,market,buy,MKT,5
71,MM_01,limit,buy,104.44,10
71,Trend_01,market,buy,MKT,5
71,Arb_01,market,sell,MKT,5
72,MM_01,limit,sell,104.97,10
72,Trend_01,market,buy,MKT,5
73,MM_01,limit,buy,105.15,10
73,Trend_01,market,buy,MKT,5
73,Arb_01,market,buy,MKT,5
74,MM_01,limit,buy,105.55,10
74,Trend_01,market,buy,MKT,5
74,Arb_01,market,buy,MKT,5
75,MM_01,limit,buy,105.57,10
75,Trend_01,market,buy,MKT,5
76,MM_01,limit,buy,105.69,10
76,Trend_01,market,buy,MKT,5
76,Arb_01,market,sell,MKT,5
77,MM_01,limit,sell,105.84,10
77,Trend_01,market,buy,MKT,5
77,Arb_01,market,sell,MKT,5
78,MM_01,limit,buy,105.33,10
78,Trend_01,market,sell,MKT,5
78,Arb_01,market,buy,MKT,5
79,MM_01,limit,sell,104.59,10
79,Trend_01,market,sell,MKT,5
80,MM_01,limit,sell,104.59,10
80,Trend_01,market,sell,MKT,5
80,Arb_01,market,buy,MKT,5
81,MM_01,limit,buy,105.16,10
81,Trend_01,market,buy,MKT,5
82,MM_01,limit,buy,105.55,10
82,Trend_01,market,buy,MKT,5
83,MM_01,limit,buy,104.95,10
83,Trend_01,market,sell,MKT,5
83,Arb_01,market,buy,MKT,5
84,MM_01,limit,sell,106.29,10
84,Trend_01,market,buy,MKT,5
84,Arb_01,market,sell,MKT,5
85,MM_01,limit,buy,106.36,10
85,Trend_01,market,buy,MKT,5
85,Arb_01,market,buy,MKT,5
86,MM_01,limit,buy,106.01,10
86,Trend_01,market,buy,MKT,5
86,Arb_01,market,sell,MKT,5
87,MM_01,limit,sell,105.86,10
87,Trend_01,market,sell,MKT,5
87,Arb_01,market,sell,MKT,5
88,MM_01,limit,sell,105.91,10
88,Trend_01,market,sell,MKT,5
89,MM_01,limit,sell,105.66,10
89,Trend_01,market,sell,MKT,5
89,Arb_01,market,sell,MKT,5
90,MM_01,limit,sell,105.23,10
90,Trend_01,market,sell,MKT,5
90,Arb_01,market,sell,MKT,5
91,MM_01,limit,sell,104.88,10
91,Trend_01,market,sell,MKT,5
91,Arb_01,market,sell,MKT,5
92,MM_01,limit,sell,105.4,10
92,Trend_01,market,buy,MKT,5
92,Arb_01,market,buy,MKT,5
93,MM_01,limit,buy,105.64,10
93,Trend_01,market,buy,MKT,5
94,MM_01,limit,buy,105.46,10
94,Trend_01,market,buy,MKT,5
94,Arb_01,market,buy,MKT,5
95,MM_01,limit,buy,105.16,10
95,Trend_01,market,sell,MKT,5
96,MM_01,limit,buy,104.75,10
96,Trend_01,market,sell,MKT,5
96,Arb_01,market,buy,MKT,5
97,MM_01,limit,sell,105.24,10
97,Trend_01,market,sell,MKT,5
98,MM_01,limit,sell,104.96,10
98,Trend_01,market,sell,MKT,5
98,Arb_01,market,buy,MKT,5
99,MM_01,limit,buy,104.77,10
99,Trend_01,market,sell,MKT,5
99,Arb_01,market,buy,MKT,5
100,MM_01,limit,sell,104.58,10
100,Trend_01,market,sell,MKT,5
100,Arb_01,market,buy,MKT,5
101,MM_01,limit,buy,104.87,10
101,Trend_01,market,buy,MKT,5
101,Arb_01,market,sell,MKT,5
102,MM_01,limit,sell,105.44,10
102,Trend_01,market,buy,MKT,5
102,Arb_01,market,buy,MKT,5
103,MM_01,limit,buy,104.92,10
103,Trend_01,market,buy,MKT,5
103,Arb_01,market,buy,MKT,5
104,MM_01,limit,buy,104.89,10
104,Trend_01,market,sell,MKT,5
104,Arb_01,market,buy,MKT,5
105,MM_01,limit,buy,104.76,10
105,Trend_01,market,sell,MKT,5
106,MM_01,limit,sell,104.36,10
106,Trend_01,market,sell,MKT,5
106,Arb_01,market,buy,MKT,5
107,MM_01,limit,buy,104.9,10
107,Trend_01,market,buy,MKT,5
108,MM_01,limit,buy,103.71,10
108,Trend_01,market,sell,MKT,5
108,Arb_01,market,sell,MKT,5
109,MM_01,limit,sell,103.01,10
109,Trend_01,market,sell,MKT,5
110,MM_01,limit,sell,101.39,10
110,Trend_01,market,sell,MKT,5
110,Arb_01,market,sell,MKT,5
111,MM_01,limit,sell,101.3,10
111,Trend_01,market,sell,MKT,5
112,MM_01,limit,sell,101.73,10
112,Trend_01,market,sell,MKT,5
112,Arb_01,market,buy,MKT,5
113,MM_01,limit,sell,102.59,10
113,Trend_01,market,buy,MKT,5
113,Arb_01,market,buy,MKT,5
114,MM_01,limit,buy,102.2,10
114,Trend_01,market,buy,MKT,5
114,Arb_01,market,sell,MKT,5
115,MM_01,limit,buy,101.91,10
115,Trend_01,market,sell,MKT,5
115,Arb_01,market,buy,MKT,5
116,MM_01,limit,sell,101.57,10
116,Trend_01,market,sell,MKT,5
116,Arb_01,market,buy,MKT,5
117,MM_01,limit,buy,100.98,10
117,Trend_01,market,sell,MKT,5
117,Arb_01,market,sell,MKT,5
118,MM_01,limit,sell,101.03,10
118,Trend_01,market,sell,MKT,5
119,MM_01,limit,sell,102.18,10
119,Trend_01,market,buy,MKT,5
119,Arb_01,market,buy,MKT,5
120,MM_01,limit,buy,101.85,10
120,Trend_01,market,buy,MKT,5
121,MM_01,limit,buy,101.29,10
121,Trend_01,market,sell,MKT,5
121,Arb_01,market,sell,MKT,5
122,MM_01,limit,sell,101.26,10
122,Trend_01,market,sell,MKT,5
122,Arb_01,market,buy,MKT,5
123,MM_01,limit,sell,101.72,10
123,Trend_01,market,buy,MKT,5
124,MM_01,limit,buy,102.24,10
124,Trend_01,market,buy,MKT,5
124,Arb_01,market,sell,MKT,5
125,MM_01,limit,sell,102.25,10
125,Trend_01,market,buy,MKT,5
125,Arb_01,market,buy,MKT,5
126,MM_01,limit,buy,103.33,10
126,Trend_01,market,buy,MKT,5
126,Arb_01,market,sell,MKT,5
127,MM_01,limit,buy,103.93,10
127,Trend_01,market,buy,MKT,5
127,Arb_01,market,sell,MKT,5
128,MM_01,limit,sell,104.78,10
128,Trend_01,market,buy,MKT,5
129,MM_01,limit,buy,105.13,10
129,Trend_01,market,buy,MKT,5
129,Arb_01,market,buy,MKT,5
130,MM_01,limit,buy,104.31,10
130,Trend_01,market,sell,MKT,5
130,Arb_01,market,sell,MKT,5
131,MM_01,limit,sell,104.9,10
131,Trend_01,market,buy,MKT,5
131,Arb_01,market,sell,MKT,5
132,MM_01,limit,sell,105.92,10
132,Trend_01,market,buy,MKT,5
132,Arb_01,market,sell,MKT,5
133,MM_01,limit,buy,105.86,10
133,Trend_01,market,buy,MKT,5
134,MM_01,limit,buy,105.67,10
134,Trend_01,market,buy,MKT,5
134,Arb_01,market,sell,MKT,5
135,MM_01,limit,sell,105.26,10
135,Trend_01,market,sell,MKT,5
136,MM_01,limit,sell,105.57,10
136,Trend_01,market,sell,MKT,5
136,Arb_01,market,buy,MKT,5
137,MM_01,limit,buy,104.47,10
137,Trend_01,market,sell,MKT,5
137,Arb_01,market,sell,MKT,5
138,MM_01,limit,sell,104.37,10
138,Trend_01,market,sell,MKT,5
138,Arb_01,market,sell,MKT,5
139,MM_01,limit,sell,104.38,10
139,Trend_01,market,sell,MKT,5
139,Arb_01,market,sell,MKT,5
140,MM_01,limit,sell,104.24,10
140,Trend_01,market,sell,MKT,5
141,MM_01,limit,sell,104.28,10
141,Trend_01,market,sell,MKT,5
141,Arb_01,market,sell,MKT,5
142,MM_01,limit,sell,104.11,10
142,Trend_01,market,sell,MKT,5
142,Arb_01,market,sell,MKT,5
143,MM_01,limit,sell,104.4,10
143,Trend_01,market,buy,MKT,5
144,MM_01,limit,sell,103.82,10
144,Trend_01,market,sell,MKT,5
144,Arb_01,market,buy,MKT,5
145,MM_01,limit,buy,103.78,10
145,Trend_01,market,sell,MKT,5
145,Arb_01,market,buy,MKT,5
146,MM_01,limit,sell,103.67,10
146,Trend_01,market,sell,MKT,5
146,Arb_01,market,buy,MKT,5
147,MM_01,limit,buy,102.3,10
147,Trend_01,market,sell,MKT,5
147,Arb_01,market,buy,MKT,5
148,MM_01,limit,sell,102.05,10
148,Trend_01,market,sell,MKT,5
148,Arb_01,market,sell,MKT,5
149,MM_01,limit,sell,102.26,10
149,Trend_01,market,sell,MKT,5
149,Arb_01,market,buy,MKT,5
150,MM_01,limit,buy,102.19,10
150,Trend_01,market,buy,MKT,5
150,Arb_01,market,sell,MKT,5
151,MM_01,limit,sell,103.21,10
151,Trend_01,market,buy,MKT,5
151,Arb_01,market,buy,MKT,5
152,MM_01,limit,buy,103.16,10
152,Trend_01,market,buy,MKT,5
152,Arb_01,market,sell,MKT,5
153,MM_01,limit,buy,102.36,10
153,Trend_01,market,sell,MKT,5
153,Arb_01,market,sell,MKT,5
154,MM_01,limit,sell,102.7,10
154,Trend_01,market,sell,MKT,5
154,Arb_01,market,sell,MKT,5
155,MM_01,limit,sell,102.39,10
155,Trend_01,market,sell,MKT,5
155,Arb_01,market,buy,MKT,5
156,MM_01,limit,sell,102.47,10
156,Trend_01,market,sell,MKT,5
156,Arb_01,market,buy,MKT,5
157,MM_01,limit,buy,102.41,10
157,Trend_01,market,buy,MKT,5
157,Arb_01,market,buy,MKT,5
158,MM_01,limit,buy,103.32,10
158,Trend_01,market,buy,MKT,5
159,MM_01,limit,buy,103.13,10
159,Trend_01,market,buy,MKT,5
159,Arb_01,market,buy,MKT,5
160,MM_01,limit,buy,103.15,10
160,Trend_01,market,buy,MKT,5
161,MM_01,limit,buy,103.27,10
161,Trend_01,market,buy,MKT,5
161,Arb_01,market,sell,MKT,5
162,MM_01,limit,sell,103.77,10
162,Trend_01,market,buy,MKT,5
163,MM_01,limit,buy,102.86,10
163,Trend_01,market,sell,MKT,5
163,Arb_01,market,buy,MKT,5
164,MM_01,limit,sell,102.12,10
164,Trend_01,market,sell,MKT,5
164,Arb_01,market,buy,MKT,5
165,MM_01,limit,buy,100.69,10
165,Trend_01,market,sell,MKT,5
166,MM_01,limit,sell,99.54,10
166,Trend_01,market,sell,MKT,5
167,MM_01,limit,sell,99.58,10
167,Trend_01,market,sell,MKT,5
167,Arb_01,market,buy,MKT,5
168,MM_01,limit,buy,99.27,10
168,Trend_01,market,sell,MKT,5
168,Arb_01,market,sell,MKT,5
169,MM_01,limit,sell,99.69,10
169,Trend_01,market,buy,MKT,5
169,Arb_01,market,buy,MKT,5
170,MM_01,limit,buy,99.52,10
170,Trend_01,market,buy,MKT,5
170,Arb_01,market,sell,MKT,5
171,MM_01,limit,sell,98.82,10
171,Trend_01,market,sell,MKT,5
171,Arb_01,market,sell,MKT,5
172,MM_01,limit,sell,98.84,10
172,Trend_01,market,sell,MKT,5
172,Arb_01,market,sell,MKT,5
173,MM_01,limit,sell,99.06,10
173,Trend_01,market,sell,MKT,5
174,MM_01,limit,sell,99.21,10
174,Trend_01,market,buy,MKT,5
175,MM_01,limit,buy,99.41,10
175,Trend_01,market,buy,MKT,5
176,MM_01,limit,buy,98.98,10
176,Trend_01,market,sell,MKT,5
176,Arb_01,market,buy,MKT,5
177,MM_01,limit,sell,99.13,10
177,Trend_01,market,sell,MKT,5
177,Arb_01,market,buy,MKT,5
178,MM_01,limit,buy,97.79,10
178,Trend_01,market,sell,MKT,5
178,Arb_01,market,sell,MKT,5
179,MM_01,limit,sell,96.53,10
179,Trend_01,market,sell,MKT,5
180,MM_01,limit,sell,96.27,10
180,Trend_01,market,sell,MKT,5
180,Arb_01,market,sell,MKT,5
181,MM_01,limit,sell,96.47,10
181,Trend_01,market,sell,MKT,5
181,Arb_01,market,buy,MKT,5
182,MM_01,limit,sell,97.27,10
182,Trend_01,market,buy,MKT,5
182,Arb_01,market,sell,MKT,5
183,MM_01,limit,buy,96.48,10
183,Trend_01,market,sell,MKT,5
183,Arb_01,market,buy,MKT,5
184,MM_01,limit,sell,96.37,10
184,Trend_01,market,sell,MKT,5
184,Arb_01,market,sell,MKT,5
185,MM_01,limit,sell,95.9,10
185,Trend_01,market,sell,MKT,5
186,MM_01,limit,sell,95.81,10
186,Trend_01,market,sell,MKT,5
186,Arb_01,market,buy,MKT,5
187,MM_01,limit,buy,96.66,10
187,Trend_01,market,buy,MKT,5
188,MM_01,limit,buy,96.32,10
188,Trend_01,market,buy,MKT,5
188,Arb_01,market,sell,MKT,5
189,MM_01,limit,sell,96.4,10
189,Trend_01,market,buy,MKT,5
189,Arb_01,market,sell,MKT,5
190,MM_01,limit,buy,96.44,10
190,Trend_01,market,buy,MKT,5
190,Arb_01,market,buy,MKT,5
191,MM_01,limit,buy,96.52,10
191,Trend_01,market,buy,MKT,5
191,Arb_01,market,sell,MKT,5
192,MM_01,limit,sell,97.08,10
192,Trend_01,market,buy,MKT,5
192,Arb_01,market,sell,MKT,5
193,MM_01,limit,buy,96.39,10
193,Trend_01,market,sell,MKT,5
194,MM_01,limit,sell,96.89,10
194,Trend_01,market,buy,MKT,5
194,Arb_01,market,buy,MKT,5
195,MM_01,limit,buy,95.86,10
195,Trend_01,market,sell,MKT,5
196,MM_01,limit,buy,95.96,10
196,Trend_01,market,sell,MKT,5
196,Arb_01,market,buy,MKT,5
197,MM_01,limit,sell,95.49,10
197,Trend_01,market,sell,MKT,5
197,Arb_01,market,sell,MKT,5
198,MM_01,limit,sell,95.55,10
198,Trend_01,market,sell,MKT,5
198,Arb_01,market,sell,MKT,5
199,MM_01,limit,sell,95.6,10
199,Trend_01,market,sell,MKT,5
200,MM_01,limit,sell,95.72,10
200,Trend_01,market,buy,MKT,5
200,Arb_01,market,buy,MKT,5
201,MM_01,limit,buy,95.97,10
201,Trend_01,market,buy,MKT,5
201,Arb_01,market,buy,MKT,5
202,MM_01,limit,buy,95.14,10
202,Trend_01,market,sell,MKT,5
202,Arb_01,market,sell,MKT,5
203,MM_01,limit,sell,96.08,10
203,Trend_01,market,buy,MKT,5
203,Arb_01,market,buy,MKT,5
204,MM_01,limit,buy,96.21,10
204,Trend_01,market,buy,MKT,5
204,Arb_01,market,buy,MKT,5
205,MM_01,limit,buy,96.49,10
205,Trend_01,market,buy,MKT,5
206,MM_01,limit,buy,96.51,10
206,Trend_01,market,buy,MKT,5
206,Arb_01,market,sell,MKT,5
207,MM_01,limit,buy,96.56,10
207,Trend_01,market,buy,MKT,5
207,Arb_01,market,buy,MKT,5
208,MM_01,limit,buy,97.23,10
208,Trend_01,market,buy,MKT,5
208,Arb_01,market,sell,MKT,5
209,MM_01,limit,sell,97.7,10
209,Trend_01,market,buy,MKT,5
209,Arb_01,market,sell,MKT,5
210,MM_01,limit,buy,97.08,10
210,Trend_01,market,sell,MKT,5
211,MM_01,limit,sell,96.52,10
211,Trend_01,market,sell,MKT,5
211,Arb_01,market,buy,MKT,5
212,MM_01,limit,buy,97.14,10
212,Trend_01,market,buy,MKT,5
212,Arb_01,market,buy,MKT,5
213,MM_01,limit,buy,96.87,10
213,Trend_01,market,buy,MKT,5
214,MM_01,limit,buy,97.18,10
214,Trend_01,market,buy,MKT,5
214,Arb_01,market,buy,MKT,5
215,MM_01,limit,buy,97.39,10
215,Trend_01,market,buy,MKT,5
215,Arb_01,market,sell,MKT,5
216,MM_01,limit,sell,97.68,10
216,Trend_01,market,buy,MKT,5
216,Arb_01,market,sell,MKT,5
217,MM_01,limit,buy,97.61,10
217,Trend_01,market,buy,MKT,5
218,MM_01,limit,buy,97.62,10
218,Trend_01,market,buy,MKT,5
218,Arb_01,market,sell,MKT,5
219,MM_01,limit,sell,97.71,10
219,Trend_01,market,sell,MKT,5
220,MM_01,limit,sell,97.58,10
220,Trend_01,market,sell,MKT,5
220,Arb_01,market,buy,MKT,5
221,MM_01,limit,buy,96.45,10
221,Trend_01,market,sell,MKT,5
222,MM_01,limit,sell,96.13,10
222,Trend_01,market,sell,MKT,5
222,Arb_01,market,sell,MKT,5
223,MM_01,limit,sell,95.99,10
223,Trend_01,market,sell,MKT,5
223,Arb_01,market,sell,MKT,5
224,MM_01,limit,sell,96.28,10
224,Trend_01,market,buy,MKT,5
225,MM_01,limit,buy,96.57,10
225,Trend_01,market,buy,MKT,5
225,Arb_01,market,sell,MKT,5
226,MM_01,limit,sell,96.13,10
226,Trend_01,market,sell,MKT,5
226,Arb_01,market,sell,MKT,5
227,MM_01,limit,sell,96.82,10
227,Trend_01,market,buy,MKT,5
228,MM_01,limit,buy,96.59,10
228,Trend_01,market,buy,MKT,5
228,Arb_01,market,buy,MKT,5
229,MM_01,limit,buy,97.02,10
229,Trend_01,market,buy,MKT,5
230,MM_01,limit,buy,97.95,10
230,Trend_01,market,buy,MKT,5
230,Arb_01,market,buy,MKT,5
231,MM_01,limit,buy,98.04,10
231,Trend_01,market,buy,MKT,5
231,Arb_01,market,buy,MKT,5
232,MM_01,limit,buy,97.19,10
232,Trend_01,market,sell,MKT,5
232,Arb_01,market,buy,MKT,5
233,MM_01,limit,sell,97.71,10
233,Trend_01,market,sell,MKT,5
233,Arb_01,market,sell,MKT,5
234,MM_01,limit,sell,97.67,10
234,Trend_01,market,sell,MKT,5
234,Arb_01,market,sell,MKT,5
235,MM_01,limit,sell,97.24,10
235,Trend_01,market,sell,MKT,5
235,Arb_01,market,sell,MKT,5
236,MM_01,limit,sell,97.12,10
236,Trend_01,market,sell,MKT,5
237,MM_01,limit,sell,96.81,10
237,Trend_01,market,sell,MKT,5
237,Arb_01,market,sell,MKT,5
238,MM_01,limit,sell,97.18,10
238,Trend_01,market,buy,MKT,5
239,MM_01,limit,buy,96.92,10
239,Trend_01,market,buy,MKT,5
240,MM_01,limit,buy,97.05,10
240,Trend_01,market,buy,MKT,5
240,Arb_01,market,buy,MKT,5
241,MM_01,limit,buy,97.48,10
241,Trend_01,market,buy,MKT,5
242,MM_01,limit,buy,97.11,10
242,Trend_01,market,sell,MKT,5
243,MM_01,limit,sell,97.07,10
243,Trend_01,market,sell,MKT,5
243,Arb_01,market,buy,MKT,5
244,MM_01,limit,buy,96.63,10
244,Trend_01,market,sell,MKT,5
244,Arb_01,market,buy,MKT,5
245,MM_01,limit,sell,96.67,10
245,Trend_01,market,sell,MKT,5
245,Arb_01,market,buy,MKT,5
246,MM_01,limit,buy,97.06,10
246,Trend_01,market,buy,MKT,5
246,Arb_01,market,buy,MKT,5
247,MM_01,limit,buy,96.71,10
247,Trend_01,market,sell,MKT,5
247,Arb_01,market,sell,MKT,5
248,MM_01,limit,sell,96.39,10
248,Trend_01,market,sell,MKT,5
248,Arb_01,market,sell,MKT,5
249,MM_01,limit,sell,96.11,10
249,Trend_01,market,sell,MKT,5
249,Arb_01,market,sell,MKT,5
250,MM_01,limit,sell,96.18,10
250,Trend_01,market,sell,MKT,5
250,Arb_01,market,buy,MKT,5
251,MM_01,limit,sell,95.17,10
251,Trend_01,market,sell,MKT,5
252,MM_01,limit,sell,95.3,10
252,Trend_01,market,sell,MKT,5
252,Arb_01,market,buy,MKT,5
253,MM_01,limit,buy,95.48,10
253,Trend_01,market,buy,MKT,5
254,MM_01,limit,buy,95.14,10
254,Trend_01,market,sell,MKT,5
254,Arb_01,market,sell,MKT,5
255,MM_01,limit,sell,94.86,10
255,Trend_01,market,sell,MKT,5
255,Arb_01,market,sell,MKT,5
256,MM_01,limit,sell,95.57,10
256,Trend_01,market,buy,MKT,5
256,Arb_01,market,buy,MKT,5
257,MM_01,limit,buy,94.94,10
257,Trend_01,market,sell,MKT,5
257,Arb_01,market,sell,MKT,5
258,MM_01,limit,sell,94.32,10
258,Trend_01,market,sell,MKT,5
258,Arb_01,market,buy,MKT,5
259,MM_01,limit,sell,94.65,10
259,Trend_01,market,sell,MKT,5
259,Arb_01,market,buy,MKT,5
260,MM_01,limit,buy,94.75,10
260,Trend_01,market,buy,MKT,5
260,Arb_01,market,sell,MKT,5
261,MM_01,limit,sell,94.12,10
261,Trend_01,market,sell,MKT,5
261,Arb_01,market,buy,MKT,5
262,MM_01,limit,buy,93.66,10
262,Trend_01,market,sell,MKT,5
263,MM_01,limit,sell,93.41,10
263,Trend_01,market,sell,MKT,5
264,MM_01,limit,sell,92.91,10
264,Trend_01,market,sell,MKT,5
264,Arb_01,market,sell,MKT,5
265,MM_01,limit,sell,92.9,10
265,Trend_01,market,sell,MKT,5
265,Arb_01,market,sell,MKT,5
266,MM_01,limit,sell,93.29,10
266,Trend_01,market,buy,MKT,5
266,Arb_01,market,buy,MKT,5
267,MM_01,limit,buy,92.46,10
267,Trend_01,market,sell,MKT,5
267,Arb_01,market,sell,MKT,5
268,MM_01,limit,sell,92.31,10
268,Trend_01,market,sell,MKT,5
268,Arb_01,market,sell,MKT,5
269,MM_01,limit,sell,92.47,10
269,Trend_01,market,sell,MKT,5
269,Arb_01,market,sell,MKT,5
270,MM_01,limit,sell,93.0,10
270,Trend_01,market,buy,MKT,5
271,MM_01,limit,buy,92.32,10
271,Trend_01,market,sell,MKT,5
272,MM_01,limit,sell,91.6,10
272,Trend_01,market,sell,MKT,5
272,Arb_01,market,sell,MKT,5
273,MM_01,limit,sell,91.57,10
273,Trend_01,market,sell,MKT,5
273,Arb_01,market,sell,MKT,5
274,MM_01,limit,sell,91.12,10
274,Trend_01,market,sell,MKT,5
274,Arb_01,market,sell,MKT,5
275,MM_01,limit,sell,91.43,10
275,Trend_01,market,buy,MKT,5
276,MM_01,limit,buy,90.57,10
276,Trend_01,market,sell,MKT,5
276,Arb_01,market,sell,MKT,5
277,MM_01,limit,sell,90.16,10
277,Trend_01,market,sell,MKT,5
278,MM_01,limit,sell,88.81,10
278,Trend_01,market,sell,MKT,5
278,Arb_01,market,buy,MKT,5
279,MM_01,limit,sell,88.73,10
279,Trend_01,market,sell,MKT,5
280,MM_01,limit,sell,88.22,10
280,Trend_01,market,sell,MKT,5
281,MM_01,limit,sell,87.93,10
281,Trend_01,market,sell,MKT,5
281,Arb_01,market,sell,MKT,5
282,MM_01,limit,sell,88.08,10
282,Trend_01,market,sell,MKT,5
283,MM_01,limit,sell,87.51,10
283,Trend_01,market,sell,MKT,5
283,Arb_01,market,sell,MKT,5
284,MM_01,limit,sell,88.2,10
284,Trend_01,market,buy,MKT,5
284,Arb_01,market,sell,MKT,5
285,MM_01,limit,buy,87.83,10
285,Trend_01,market,buy,MKT,5
285,Arb_01,market,buy,MKT,5
286,MM_01,limit,buy,88.0,10
286,Trend_01,market,buy,MKT,5
287,MM_01,limit,buy,87.78,10
287,Trend_01,market,sell,MKT,5
287,Arb_01,market,buy,MKT,5
288,MM_01,limit,sell,87.78,10
288,Trend_01,market,sell,MKT,5
289,MM_01,limit,sell,87.95,10
289,Trend_01,market,sell,MKT,5
289,Arb_01,market,buy,MKT,5
290,MM_01,limit,buy,88.25,10
290,Trend_01,market,buy,MKT,5
291,MM_01,limit,buy,88.05,10
291,Trend_01,market,buy,MKT,5
291,Arb_01,market,buy,MKT,5
292,MM_01,limit,buy,88.55,10
292,Trend_01,market,buy,MKT,5
292,Arb_01,market,buy,MKT,5
293,MM_01,limit,buy,88.83,10
293,Trend_01,market,buy,MKT,5
293,Arb_01,market,buy,MKT,5
294,MM_01,limit,buy,88.91,10
294,Trend_01,market,buy,MKT,5
295,MM_01,limit,buy,89.1,10
295,Trend_01,market,buy,MKT,5
295,Arb_01,market,sell,MKT,5
296,MM_01,limit,sell,89.7,10
296,Trend_01,market,buy,MKT,5
297,MM_01,limit,buy,90.03,10
297,Trend_01,market,buy,MKT,5
297,Arb_01,market,sell,MKT,5
298,MM_01,limit,sell,90.46,10
298,Trend_01,market,buy,MKT,5
298,Arb_01,market,sell,MKT,5
299,MM_01,limit,buy,89.69,10
299,Trend_01,market,sell,MKT,5
299,Arb_01,market,buy,MKT,5
300,MM_01,limit,sell,90.08,10
300,Trend_01,market,sell,MKT,5
300,Arb_01,market,buy,MKT,5
301,MM_01,limit,buy,90.32,10
301,Trend_01,market,buy,MKT,5
301,Arb_01,market,buy,MKT,5
302,MM_01,limit,buy,90.09,10
302,Trend_01,market,buy,MKT,5
302,Arb_01,market,buy,MKT,5
303,MM_01,limit,buy,90.17,10
303,Trend_01,market,buy,MKT,5
304,MM_01,limit,buy,90.44,10
304,Trend_01,market,buy,MKT,5
305,MM_01,limit,buy,90.3,10
305,Trend_01,market,buy,MKT,5
305,Arb_01,market,sell,MKT,5
306,MM_01,limit,sell,90.19,10
306,Trend_01,market,sell,MKT,5
306,Arb_01,market,sell,MKT,5
307,MM_01,limit,sell,90.23,10
307,Trend_01,market,sell,MKT,5
307,Arb_01,market,buy,MKT,5
308,MM_01,limit,buy,90.73,10
308,Trend_01,market,buy,MKT,5
309,MM_01,limit,buy,90.91,10
309,Trend_01,market,buy,MKT,5
309,Arb_01,market,sell,MKT,5
310,MM_01,limit,sell,90.98,10
310,Trend_01,market,buy,MKT,5
310,Arb_01,market,sell,MKT,5
311,MM_01,limit,buy,90.23,10
311,Trend_01,market,sell,MKT,5
311,Arb_01,market,buy,MKT,5
312,MM_01,limit,sell,90.29,10
312,Trend_01,market,sell,MKT,5
312,Arb_01,market,buy,MKT,5
313,MM_01,limit,buy,89.49,10
313,Trend_01,market,sell,MKT,5
313,Arb_01,market,sell,MKT,5
314,MM_01,limit,sell,89.69,10
314,Trend_01,market,sell,MKT,5
314,Arb_01,market,buy,MKT,5
315,MM_01,limit,sell,88.86,10
315,Trend_01,market,sell,MKT,5
315,Arb_01,market,sell,MKT,5
316,MM_01,limit,sell,88.59,10
316,Trend_01,market,sell,MKT,5
317,MM_01,limit,sell,88.73,10
317,Trend_01,market,sell,MKT,5
318,MM_01,limit,sell,88.97,10
318,Trend_01,market,buy,MKT,5
318,Arb_01,market,sell,MKT,5
319,MM_01,limit,buy,88.55,10
319,Trend_01,market,sell,MKT,5
319,Arb_01,market,buy,MKT,5
320,MM_01,limit,sell,88.82,10
320,Trend_01,market,buy,MKT,5
321,MM_01,limit,buy,89.03,10
321,Trend_01,market,buy,MKT,5
322,MM_01,limit,buy,88.79,10
322,Trend_01,market,buy,MKT,5
322,Arb_01,market,sell,MKT,5
323,MM_01,limit,sell,88.73,10
323,Trend_01,market,sell,MKT,5
324,MM_01,limit,sell,88.56,10
324,Trend_01,market,sell,MKT,5
325,MM_01,limit,sell,88.05,10
325,Trend_01,market,sell,MKT,5
325,Arb_01,market,sell,MKT,5
326,MM_01,limit,sell,88.44,10
326,Trend_01,market,sell,MKT,5
326,Arb_01,market,sell,MKT,5
327,MM_01,limit,sell,89.03,10
327,Trend_01,market,buy,MKT,5
327,Arb_01,market,buy,MKT,5
328,MM_01,limit,buy,88.19,10
328,Trend_01,market,sell,MKT,5
328,Arb_01,market,sell,MKT,5
329,MM_01,limit,sell,88.09,10
329,Trend_01,market,sell,MKT,5
329,Arb_01,market,sell,MKT,5
330,MM_01,limit,sell,88.21,10
330,Trend_01,market,sell,MKT,5
331,MM_01,limit,sell,88.03,10
331,Trend_01,market,sell,MKT,5
331,Arb_01,market,buy,MKT,5
332,MM_01,limit,buy,88.1,10
332,Trend_01,market,buy,MKT,5
332,Arb_01,market,buy,MKT,5
333,MM_01,limit,buy,88.23,10
333,Trend_01,market,buy,MKT,5
334,MM_01,limit,buy,88.3,10
334,Trend_01,market,buy,MKT,5
334,Arb_01,market,buy,MKT,5
335,MM_01,limit,buy,88.59,10
335,Trend_01,market,buy,MKT,5
335,Arb_01,market,sell,MKT,5
336,MM_01,limit,sell,88.05,10
336,Trend_01,market,sell,MKT,5
337,MM_01,limit,sell,87.97,10
337,Trend_01,market,sell,MKT,5
338,MM_01,limit,sell,87.99,10
338,Trend_01,market,sell,MKT,5
339,MM_01,limit,sell,88.72,10
339,Trend_01,market,buy,MKT,5
340,MM_01,limit,buy,87.87,10
340,Trend_01,market,sell,MKT,5
340,Arb_01,market,buy,MKT,5
341,MM_01,limit,sell,88.12,10
341,Trend_01,market,sell,MKT,5
341,Arb_01,market,buy,MKT,5
342,MM_01,limit,buy,87.26,10
342,Trend_01,market,sell,MKT,5
342,Arb_01,market,buy,MKT,5
343,MM_01,limit,sell,87.79,10
343,Trend_01,market,sell,MKT,5
343,Arb_01,market,sell,MKT,5
344,MM_01,limit,sell,87.6,10
344,Trend_01,market,sell,MKT,5
344,Arb_01,market,sell,MKT,5
345,MM_01,limit,sell,87.07,10
345,Trend_01,market,sell,MKT,5
345,Arb_01,market,buy,MKT,5
346,MM_01,limit,buy,87.09,10
346,Trend_01,market,sell,MKT,5
347,MM_01,limit,sell,87.81,10
347,Trend_01,market,buy,MKT,5
347,Arb_01,market,sell,MKT,5
348,MM_01,limit,buy,87.02,10
348,Trend_01,market,sell,MKT,5
348,Arb_01,market,sell,MKT,5
349,MM_01,limit,sell,88.07,10
349,Trend_01,market,buy,MKT,5
349,Arb_01,market,sell,MKT,5
350,MM_01,limit,sell,88.41,10
350,Trend_01,market,buy,MKT,5
350,Arb_01,market,buy,MKT,5
351,MM_01,limit,buy,88.13,10
351,Trend_01,market,buy,MKT,5
352,MM_01,limit,buy,87.71,10
352,Trend_01,market,sell,MKT,5
352,Arb_01,market,sell,MKT,5
353,MM_01,limit,sell,88.75,10
353,Trend_01,market,buy,MKT,5
353,Arb_01,market,buy,MKT,5
354,MM_01,limit,buy,88.02,10
354,Trend_01,market,sell,MKT,5
354,Arb_01,market,sell,MKT,5
355,MM_01,limit,sell,88.36,10
355,Trend_01,market,buy,MKT,5
355,Arb_01,market,buy,MKT,5
356,MM_01,limit,buy,88.54,10
356,Trend_01,market,buy,MKT,5
356,Arb_01,market,buy,MKT,5
357,MM_01,limit,buy,88.05,10
357,Trend_01,market,sell,MKT,5
357,Arb_01,market,buy,MKT,5
358,MM_01,limit,buy,88.55,10
358,Trend_01,market,buy,MKT,5
358,Arb_01,market,buy,MKT,5
359,MM_01,limit,buy,88.62,10
359,Trend_01,market,buy,MKT,5
359,Arb_01,market,sell,MKT,5
360,MM_01,limit,sell,88.58,10
360,Trend_01,market,buy,MKT,5
361,MM_01,limit,buy,88.7,10
361,Trend_01,market,buy,MKT,5
361,Arb_01,market,buy,MKT,5
362,MM_01,limit,buy,89.24,10
362,Trend_01,market,buy,MKT,5
362,Arb_01,market,sell,MKT,5
363,MM_01,limit,sell,90.27,10
363,Trend_01,market,buy,MKT,5
363,Arb_01,market,buy,MKT,5
364,MM_01,limit,buy,90.66,10
364,Trend_01,market,buy,MKT,5
364,Arb_01,market,sell,MKT,5
365,MM_01,limit,buy,91.24,10
365,Trend_01,market,buy,MKT,5
366,MM_01,limit,buy,91.47,10
366,Trend_01,market,buy,MKT,5
367,MM_01,limit,buy,91.92,10
367,Trend_01,market,buy,MKT,5
368,MM_01,limit,buy,91.53,10
368,Trend_01,market,sell,MKT,5
369,MM_01,limit,sell,91.97,10
369,Trend_01,market,buy,MKT,5
369,Arb_01,market,sell,MKT,5
370,MM_01,limit,buy,91.52,10
370,Trend_01,market,sell,MKT,5
370,Arb_01,market,buy,MKT,5
371,MM_01,limit,sell,91.9,10
371,Trend_01,market,buy,MKT,5
371,Arb_01,market,buy,MKT,5
372,MM_01,limit,buy,90.9,10
372,Trend_01,market,sell,MKT,5
372,Arb_01,market,sell,MKT,5
373,MM_01,limit,sell,91.89,10
373,Trend_01,market,buy,MKT,5
373,Arb_01,market,sell,MKT,5
374,MM_01,limit,buy,91.41,10
374,Trend_01,market,sell,MKT,5
374,Arb_01,market,sell,MKT,5
375,MM_01,limit,sell,90.83,10
375,Trend_01,market,sell,MKT,5
375,Arb_01,market,buy,MKT,5
376,MM_01,limit,sell,90.7,10
376,Trend_01,market,sell,MKT,5
376,Arb_01,market,buy,MKT,5
377,MM_01,limit,buy,90.0,10
377,Trend_01,market,sell,MKT,5
378,MM_01,limit,sell,89.5,10
378,Trend_01,market,sell,MKT,5
378,Arb_01,market,buy,MKT,5
379,MM_01,limit,buy,88.52,10
379,Trend_01,market,sell,MKT,5
379,Arb_01,market,sell,MKT,5
380,MM_01,limit,sell,88.12,10
380,Trend_01,market,sell,MKT,5
380,Arb_01,market,sell,MKT,5
381,MM_01,limit,sell,89.28,10
381,Trend_01,market,buy,MKT,5
382,MM_01,limit,sell,89.86,10
382,Trend_01,market,buy,MKT,5
383,MM_01,limit,buy,90.77,10
383,Trend_01,market,buy,MKT,5
383,Arb_01,market,sell,MKT,5
384,MM_01,limit,sell,91.41,10
384,Trend_01,market,buy,MKT,5
385,MM_01,limit,buy,90.88,10
385,Trend_01,market,buy,MKT,5
385,Arb_01,market,sell,MKT,5
386,MM_01,limit,sell,91.82,10
386,Trend_01,market,buy,MKT,5
386,Arb_01,market,buy,MKT,5
387,MM_01,limit,buy,90.83,10
387,Trend_01,market,sell,MKT,5
387,Arb_01,market,buy,MKT,5
388,MM_01,limit,buy,91.9,10
388,Trend_01,market,buy,MKT,5
389,MM_01,limit,buy,92.81,10
389,Trend_01,market,buy,MKT,5
390,MM_01,limit,buy,93.46,10
390,Trend_01,market,buy,MKT,5
390,Arb_01,market,sell,MKT,5
391,MM_01,limit,sell,93.38,10
391,Trend_01,market,buy,MKT,5
391,Arb_01,market,buy,MKT,5
392,MM_01,limit,buy,93.03,10
392,Trend_01,market,sell,MKT,5
393,MM_01,limit,buy,92.6,10
393,Trend_01,market,sell,MKT,5
393,Arb_01,market,buy,MKT,5
394,MM_01,limit,sell,93.87,10
394,Trend_01,market,buy,MKT,5
394,Arb_01,market,buy,MKT,5
395,MM_01,limit,buy,93.82,10
395,Trend_01,market,buy,MKT,5
395,Arb_01,market,sell,MKT,5
396,MM_01,limit,buy,93.96,10
396,Trend_01,market,buy,MKT,5
396,Arb_01,market,sell,MKT,5
397,MM_01,limit,sell,94.37,10
397,Trend_01,market,buy,MKT,5
397,Arb_01,market,buy,MKT,5
398,MM_01,limit,buy,93.59,10
398,Trend_01,market,sell,MKT,5
398,Arb_01,market,buy,MKT,5
399,MM_01,limit,buy,93.85,10
399,Trend_01,market,sell,MKT,5
399,Arb_01,market,sell,MKT,5
400,MM_01,limit,sell,94.13,10
400,Trend_01,market,buy,MKT,5
400,Arb_01,market,sell,MKT,5
401,MM_01,limit,sell,94.04,10
401,Trend_01,market,buy,MKT,5
402,MM_01,limit,buy,93.15,10
402,Trend_01,market,sell,MKT,5
402,Arb_01,market,sell,MKT,5
403,MM_01,limit,sell,93.29,10
403,Trend_01,market,sell,MKT,5
404,MM_01,limit,sell,93.21,10
404,Trend_01,market,sell,MKT,5
404,Arb_01,market,sell,MKT,5
405,MM_01,limit,sell,92.18,10
405,Trend_01,market,sell,MKT,5
405,Arb_01,market,buy,MKT,5
406,MM_01,limit,sell,92.6,10
406,Trend_01,market,sell,MKT,5
407,MM_01,limit,sell,91.91,10
407,Trend_01,market,sell,MKT,5
407,Arb_01,market,sell,MKT,5
408,MM_01,limit,sell,92.24,10
408,Trend_01,market,sell,MKT,5
409,MM_01,limit,sell,92.89,10
409,Trend_01,market,buy,MKT,5
409,Arb_01,market,sell,MKT,5
410,MM_01,limit,buy,93.41,10
410,Trend_01,market,buy,MKT,5
410,Arb_01,market,buy,MKT,5
411,MM_01,limit,buy,93.54,10
411,Trend_01,market,buy,MKT,5
411,Arb_01,market,sell,MKT,5
412,MM_01,limit,sell,93.56,10
412,Trend_01,market,buy,MKT,5
412,Arb_01,market,sell,MKT,5
413,MM_01,limit,buy,93.63,10
413,Trend_01,market,buy,MKT,5
414,MM_01,limit,buy,93.2,10
414,Trend_01,market,sell,MKT,5
414,Arb_01,market,sell,MKT,5
415,MM_01,limit,sell,93.5,10
415,Trend_01,market,sell,MKT,5
415,Arb_01,market,sell,MKT,5
416,MM_01,limit,sell,93.21,10
416,Trend_01,market,sell,MKT,5
417,MM_01,limit,sell,93.26,10
417,Trend_01,market,sell,MKT,5
417,Arb_01,market,sell,MKT,5
418,MM_01,limit,sell,93.26,10
418,Trend_01,market,sell,MKT,5
418,Arb_01,market,buy,MKT,5
419,MM_01,limit,sell,93.22,10
419,Trend_01,market,sell,MKT,5
419,Arb_01,market,sell,MKT,5
420,MM_01,limit,sell,92.73,10
420,Trend_01,market,sell,MKT,5
421,MM_01,limit,sell,92.83,10
421,Trend_01,market,sell,MKT,5
422,MM_01,limit,sell,93.18,10
422,Trend_01,market,buy,MKT,5
422,Arb_01,market,buy,MKT,5
423,MM_01,limit,buy,93.38,10
423,Trend_01,market,buy,MKT,5
423,Arb_01,market,buy,MKT,5
424,MM_01,limit,buy,93.09,10
424,Trend_01,market,buy,MKT,5
424,Arb_01,market,sell,MKT,5
425,MM_01,limit,buy,93.39,10
425,Trend_01,market,buy,MKT,5
425,Arb_01,market,sell,MKT,5
426,MM_01,limit,sell,93.41,10
426,Trend_01,market,sell,MKT,5
426,Arb_01,market,sell,MKT,5
427,MM_01,limit,sell,93.25,10
427,Trend_01,market,sell,MKT,5
427,Arb_01,market,sell,MKT,5
428,MM_01,limit,sell,93.43,10
428,Trend_01,market,buy,MKT,5
428,Arb_01,market,sell,MKT,5
429,MM_01,limit,buy,93.84,10
429,Trend_01,market,buy,MKT,5
429,Arb_01,market,buy,MKT,5
430,MM_01,limit,buy,93.9,10
430,Trend_01,market,buy,MKT,5
431,MM_01,limit,buy,93.9,10
431,Trend_01,market,buy,MKT,5
431,Arb_01,market,sell,MKT,5
432,MM_01,limit,sell,94.21,10
432,Trend_01,market,buy,MKT,5
432,Arb_01,market,sell,MKT,5
433,MM_01,limit,buy,93.55,10
433,Trend_01,market,sell,MKT,5
434,MM_01,limit,sell,93.62,10
434,Trend_01,market,sell,MKT,5
434,Arb_01,market,sell,MKT,5
435,MM_01,limit,sell,93.88,10
435,Trend_01,market,buy,MKT,5
435,Arb_01,market,sell,MKT,5
436,MM_01,limit,buy,94.46,10
436,Trend_01,market,buy,MKT,5
436,Arb_01,market,buy,MKT,5
437,MM_01,limit,buy,93.69,10
437,Trend_01,market,sell,MKT,5
437,Arb_01,market,buy,MKT,5
438,MM_01,limit,sell,93.46,10
438,Trend_01,market,sell,MKT,5
438,Arb_01,market,sell,MKT,5
439,MM_01,limit,sell,93.31,10
439,Trend_01,market,sell,MKT,5
439,Arb_01,market,sell,MKT,5
440,MM_01,limit,sell,93.76,10
440,Trend_01,market,buy,MKT,5
440,Arb_01,market,buy,MKT,5
441,MM_01,limit,buy,93.21,10
441,Trend_01,market,sell,MKT,5
441,Arb_01,market,sell,MKT,5
442,MM_01,limit,sell,92.65,10
442,Trend_01,market,sell,MKT,5
443,MM_01,limit,sell,92.05,10
443,Trend_01,market,sell,MKT,5
443,Arb_01,market,buy,MKT,5
444,MM_01,limit,buy,92.35,10
444,Trend_01,market,sell,MKT,5
444,Arb_01,market,sell,MKT,5
445,MM_01,limit,sell,92.95,10
445,Trend_01,market,buy,MKT,5
445,Arb_01,market,buy,MKT,5
446,MM_01,limit,buy,93.54,10
446,Trend_01,market,buy,MKT,5
446,Arb_01,market,buy,MKT,5
447,MM_01,limit,buy,93.57,10
447,Trend_01,market,buy,MKT,5
447,Arb_01,market,buy,MKT,5
448,MM_01,limit,buy,94.08,10
448,Trend_01,market,buy,MKT,5
449,MM_01,limit,buy,94.51,10
449,Trend_01,market,buy,MKT,5
449,Arb_01,market,sell,MKT,5
450,MM_01,limit,sell,95.3,10
450,Trend_01,market,buy,MKT,5
451,MM_01,limit,buy,95.5,10
451,Trend_01,market,buy,MKT,5
451,Arb_01,market,buy,MKT,5
452,MM_01,limit,buy,95.3,10
452,Trend_01,market,buy,MKT,5
453,MM_01,limit,buy,95.4,10
453,Trend_01,market,buy,MKT,5
453,Arb_01,market,buy,MKT,5
454,MM_01,limit,buy,95.06,10
454,Trend_01,market,sell,MKT,5
454,Arb_01,market,buy,MKT,5
455,MM_01,limit,sell,95.3,10
455,Trend_01,market,sell,MKT,5
455,Arb_01,market,buy,MKT,5
456,MM_01,limit,buy,94.31,10
456,Trend_01,market,sell,MKT,5
456,Arb_01,market,sell,MKT,5
457,MM_01,limit,sell,94.76,10
457,Trend_01,market,sell,MKT,5
457,Arb_01,market,buy,MKT,5
458,MM_01,limit,sell,94.28,10
458,Trend_01,market,sell,MKT,5
458,Arb_01,market,sell,MKT,5
459,MM_01,limit,sell,94.48,10
459,Trend_01,market,sell,MKT,5
459,Arb_01,market,buy,MKT,5
460,MM_01,limit,buy,94.51,10
460,Trend_01,market,buy,MKT,5
460,Arb_01,market,buy,MKT,5
461,MM_01,limit,buy,94.65,10
461,Trend_01,market,buy,MKT,5
461,Arb_01,market,buy,MKT,5
462,MM_01,limit,buy,94.24,10
462,Trend_01,market,sell,MKT,5
462,Arb_01,market,sell,MKT,5
463,MM_01,limit,sell,94.2,10
463,Trend_01,market,sell,MKT,5
464,MM_01,limit,sell,94.6,10
464,Trend_01,market,buy,MKT,5
465,MM_01,limit,sell,94.1,10
465,Trend_01,market,sell,MKT,5
466,MM_01,limit,sell,94.55,10
466,Trend_01,market,buy,MKT,5
467,MM_01,limit,buy,94.86,10
467,Trend_01,market,buy,MKT,5
468,MM_01,limit,buy,95.15,10
468,Trend_01,market,buy,MKT,5
469,MM_01,limit,buy,95.27,10
469,Trend_01,market,buy,MKT,5
470,MM_01,limit,buy,96.0,10
470,Trend_01,market,buy,MKT,5
470,Arb_01,market,buy,MKT,5
471,MM_01,limit,buy,95.61,10
471,Trend_01,market,buy,MKT,5
471,Arb_01,market,buy,MKT,5
472,MM_01,limit,buy,95.68,10
472,Trend_01,market,buy,MKT,5
472,Arb_01,market,sell,MKT,5
473,MM_01,limit,sell,95.64,10
473,Trend_01,market,sell,MKT,5
474,MM_01,limit,sell,95.87,10
474,Trend_01,market,buy,MKT,5
474,Arb_01,market,sell,MKT,5
475,MM_01,limit,buy,95.53,10
475,Trend_01,market,sell,MKT,5
475,Arb_01,market,buy,MKT,5
476,MM_01,limit,sell,95.54,10
476,Trend_01,market,sell,MKT,5
477,MM_01,limit,sell,95.92,10
477,Trend_01,market,buy,MKT,5
477,Arb_01,market,buy,MKT,5
478,MM_01,limit,buy,95.59,10
478,Trend_01,market,buy,MKT,5
478,Arb_01,market,sell,MKT,5
479,MM_01,limit,buy,95.57,10
479,Trend_01,market,buy,MKT,5
480,MM_01,limit,buy,96.09,10
480,Trend_01,market,buy,MKT,5
480,Arb_01,market,sell,MKT,5
481,MM_01,limit,sell,96.59,10
481,Trend_01,market,buy,MKT,5
481,Arb_01,market,buy,MKT,5
482,MM_01,limit,buy,96.25,10
482,Trend_01,market,buy,MKT,5
482,Arb_01,market,buy,MKT,5
483,MM_01,limit,buy,95.22,10
483,Trend_01,market,sell,MKT,5
483,Arb_01,market,sell,MKT,5
484,MM_01,limit,sell,96.01,10
484,Trend_01,market,sell,MKT,5
485,MM_01,limit,sell,96.24,10
485,Trend_01,market,buy,MKT,5
486,MM_01,limit,buy,96.75,10
486,Trend_01,market,buy,MKT,5
486,Arb_01,market,buy,MKT,5
487,MM_01,limit,buy,96.15,10
487,Trend_01,market,sell,MKT,5
487,Arb_01,market,buy,MKT,5
488,MM_01,limit,sell,96.37,10
488,Trend_01,market,sell,MKT,5
488,Arb_01,market,buy,MKT,5
489,MM_01,limit,buy,95.27,10
489,Trend_01,market,sell,MKT,5
490,MM_01,limit,sell,94.9,10
490,Trend_01,market,sell,MKT,5
490,Arb_01,market,sell,MKT,5
491,MM_01,limit,sell,94.81,10
491,Trend_01,market,sell,MKT,5
491,Arb_01,market,sell,MKT,5
492,MM_01,limit,sell,95.77,10
492,Trend_01,market,buy,MKT,5
492,Arb_01,market,sell,MKT,5
493,MM_01,limit,buy,96.15,10
493,Trend_01,market,buy,MKT,5
494,MM_01,limit,buy,96.82,10
494,Trend_01,market,buy,MKT,5
494,Arb_01,market,buy,MKT,5
495,MM_01,limit,buy,97.0,10
495,Trend_01,market,buy,MKT,5
496,MM_01,limit,buy,96.7,10
496,Trend_01,market,buy,MKT,5
497,MM_01,limit,buy,97.21,10
497,Trend_01,market,buy,MKT,5
497,Arb_01,market,sell,MKT,5
498,MM_01,limit,sell,97.85,10
498,Trend_01,market,buy,MKT,5
498,Arb_01,market,sell,MKT,5
499,MM_01,limit,buy,97.76,10
499,Trend_01,market,buy,MKT,5
499,Arb_01,market,buy,MKT,5
500,MM_01,limit,buy,96.76,10
500,Trend_01,market,sell,MKT,5
500,Arb_01,market,buy,MKT,5
501,MM_01,limit,sell,98.01,10
501,Trend_01,market,buy,MKT,5
501,Arb_01,market,sell,MKT,5
502,MM_01,limit,buy,97.19,10
502,Trend_01,market,sell,MKT,5
502,Arb_01,market,sell,MKT,5
503,MM_01,limit,sell,97.41,10
503,Trend_01,market,sell,MKT,5
503,Arb_01,market,sell,MKT,5
504,MM_01,limit,sell,96.8,10
504,Trend_01,market,sell,MKT,5
504,Arb_01,market,buy,MKT,5
505,MM_01,limit,sell,97.49,10
505,Trend_01,market,buy,MKT,5
505,Arb_01,market,buy,MKT,5
506,MM_01,limit,buy,96.53,10
506,Trend_01,market,sell,MKT,5
507,MM_01,limit,buy,96.61,10
507,Trend_01,market,sell,MKT,5
507,Arb_01,market,buy,MKT,5
508,MM_01,limit,sell,96.74,10
508,Trend_01,market,sell,MKT,5
508,Arb_01,market,sell,MKT,5
509,MM_01,limit,sell,96.25,10
509,Trend_01,market,sell,MKT,5
509,Arb_01,market,sell,MKT,5
510,MM_01,limit,sell,96.35,10
510,Trend_01,market,sell,MKT,5
510,Arb_01,market,sell,MKT,5
511,MM_01,limit,sell,96.69,10
511,Trend_01,market,buy,MKT,5
512,MM_01,limit,buy,96.99,10
512,Trend_01,market,buy,MKT,5
512,Arb_01,market,sell,MKT,5
513,MM_01,limit,sell,97.72,10
513,Trend_01,market,buy,MKT,5
514,MM_01,limit,buy,96.83,10
514,Trend_01,market,sell,MKT,5
515,MM_01,limit,sell,96.87,10
515,Trend_01,market,sell,MKT,5
516,MM_01,limit,sell,96.54,10
516,Trend_01,market,sell,MKT,5
517,MM_01,limit,sell,96.93,10
517,Trend_01,market,buy,MKT,5
517,Arb_01,market,sell,MKT,5
518,MM_01,limit,buy,96.53,10
518,Trend_01,market,sell,MKT,5
519,MM_01,limit,sell,97.24,10
519,Trend_01,market,buy,MKT,5
520,MM_01,limit,buy,96.22,10
520,Trend_01,market,sell,MKT,5
521,MM_01,limit,sell,97.6,10
521,Trend_01,market,buy,MKT,5
521,Arb_01,market,buy,MKT,5
522,MM_01,limit,buy,97.43,10
522,Trend_01,market,buy,MKT,5
522,Arb_01,market,buy,MKT,5
523,MM_01,limit,buy,97.64,10
523,Trend_01,market,buy,MKT,5
523,Arb_01,market,sell,MKT,5
524,MM_01,limit,buy,96.77,10
524,Trend_01,market,sell,MKT,5
524,Arb_01,market,sell,MKT,5
525,MM_01,limit,sell,97.27,10
525,Trend_01,market,sell,MKT,5
526,MM_01,limit,sell,96.78,10
526,Trend_01,market,sell,MKT,5
527,MM_01,limit,sell,97.79,10
527,Trend_01,market,buy,MKT,5
528,MM_01,limit,sell,97.45,10
528,Trend_01,market,buy,MKT,5
529,MM_01,limit,buy,97.93,10
529,Trend_01,market,buy,MKT,5
529,Arb_01,market,buy,MKT,5
530,MM_01,limit,buy,98.49,10
530,Trend_01,market,buy,MKT,5
530,Arb_01,market,sell,MKT,5
531,MM_01,limit,sell,98.43,10
531,Trend_01,market,buy,MKT,5
531,Arb_01,market,buy,MKT,5
532,MM_01,limit,buy,99.24,10
532,Trend_01,market,buy,MKT,5
533,MM_01,limit,buy,99.3,10
533,Trend_01,market,buy,MKT,5
533,Arb_01,market,sell,MKT,5
534,MM_01,limit,buy,99.45,10
534,Trend_01,market,buy,MKT,5
534,Arb_01,market,buy,MKT,5
535,MM_01,limit,buy,99.75,10
535,Trend_01,market,buy,MKT,5
535,Arb_01,market,buy,MKT,5
536,MM_01,limit,buy,99.3,10
536,Trend_01,market,sell,MKT,5
536,Arb_01,market,sell,MKT,5
537,MM_01,limit,sell,99.31,10
537,Trend_01,market,sell,MKT,5
537,Arb_01,market,sell,MKT,5
538,MM_01,limit,sell,99.9,10
538,Trend_01,market,buy,MKT,5
539,MM_01,limit,sell,100.76,10
539,Trend_01,market,buy,MKT,5
539,Arb_01,market,sell,MKT,5
540,MM_01,limit,buy,100.95,10
540,Trend_01,market,buy,MKT,5
540,Arb_01,market,sell,MKT,5
541,MM_01,limit,sell,101.77,10
541,Trend_01,market,buy,MKT,5
541,Arb_01,market,buy,MKT,5
542,MM_01,limit,buy,101.4,10
542,Trend_01,market,buy,MKT,5
542,Arb_01,market,sell,MKT,5
543,MM_01,limit,buy,101.86,10
543,Trend_01,market,buy,MKT,5
544,MM_01,limit,buy,101.95,10
544,Trend_01,market,buy,MKT,5
544,Arb_01,market,buy,MKT,5
545,MM_01,limit,buy,101.86,10
545,Trend_01,market,buy,MKT,5
545,Arb_01,market,buy,MKT,5
546,MM_01,limit,buy,101.8,10
546,Trend_01,market,sell,MKT,5
546,Arb_01,market,sell,MKT,5
547,MM_01,limit,sell,101.69,10
547,Trend_01,market,sell,MKT,5
547,Arb_01,market,sell,MKT,5
548,MM_01,limit,sell,101.17,10
548,Trend_01,market,sell,MKT,5
548,Arb_01,market,sell,MKT,5
549,MM_01,limit,sell,101.49,10
549,Trend_01,market,sell,MKT,5
549,Arb_01,market,buy,MKT,5
550,MM_01,limit,sell,101.22,10
550,Trend_01,market,sell,MKT,5
550,Arb_01,market,buy,MKT,5
551,MM_01,limit,buy,100.68,10
551,Trend_01,market,sell,MKT,5
552,MM_01,limit,sell,100.23,10
552,Trend_01,market,sell,MKT,5
552,Arb_01,market,buy,MKT,5
553,MM_01,limit,buy,100.07,10
553,Trend_01,market,sell,MKT,5
554,MM_01,limit,sell,100.05,10
554,Trend_01,market,sell,MKT,5
555,MM_01,limit,sell,98.86,10
555,Trend_01,market,sell,MKT,5
556,MM_01,limit,sell,98.98,10
556,Trend_01,market,sell,MKT,5
557,MM_01,limit,sell,99.28,10
557,Trend_01,market,sell,MKT,5
557,Arb_01,market,sell,MKT,5
558,MM_01,limit,sell,98.58,10
558,Trend_01,market,sell,MKT,5
558,Arb_01,market,sell,MKT,5
559,MM_01,limit,sell,98.92,10
559,Trend_01,market,sell,MKT,5
560,MM_01,limit,sell,98.9,10
560,Trend_01,market,sell,MKT,5
561,MM_01,limit,sell,99.3,10
561,Trend_01,market,buy,MKT,5
561,Arb_01,market,sell,MKT,5
562,MM_01,limit,buy,99.09,10
562,Trend_01,market,buy,MKT,5
563,MM_01,limit,buy,98.26,10
563,Trend_01,market,sell,MKT,5
563,Arb_01,market,buy,MKT,5
564,MM_01,limit,sell,98.99,10
564,Trend_01,market,sell,MKT,5
564,Arb_01,market,sell,MKT,5
565,MM_01,limit,sell,99.58,10
565,Trend_01,market,buy,MKT,5
565,Arb_01,market,sell,MKT,5
566,MM_01,limit,buy,99.31,10
566,Trend_01,market,buy,MKT,5
566,Arb_01,market,buy,MKT,5
567,MM_01,limit,buy,99.59,10
567,Trend_01,market,buy,MKT,5
568,MM_01,limit,buy,99.86,10
568,Trend_01,market,buy,MKT,5
569,MM_01,limit,buy,100.37,10
569,Trend_01,market,buy,MKT,5
569,Arb_01,market,buy,MKT,5
570,MM_01,limit,buy,100.3,10
570,Trend_01,market,buy,MKT,5
571,MM_01,limit,buy,100.02,10
571,Trend_01,market,sell,MKT,5
571,Arb_01,market,buy,MKT,5
572,MM_01,limit,sell,99.76,10
572,Trend_01,market,sell,MKT,5
573,MM_01,limit,sell,98.86,10
573,Trend_01,market,sell,MKT,5
574,MM_01,limit,sell,98.58,10
574,Trend_01,market,sell,MKT,5
575,MM_01,limit,sell,98.3,10
575,Trend_01,market,sell,MKT,5
575,Arb_01,market,sell,MKT,5
576,MM_01,limit,sell,97.73,10
576,Trend_01,market,sell,MKT,5
577,MM_01,limit,sell,96.91,10
577,Trend_01,market,sell,MKT,5
578,MM_01,limit,sell,97.5,10
578,Trend_01,market,sell,MKT,5
578,Arb_01,market,buy,MKT,5
579,MM_01,limit,buy,98.01,10
579,Trend_01,market,buy,MKT,5
579,Arb_01,market,sell,MKT,5
580,MM_01,limit,sell,98.24,10
580,Trend_01,market,buy,MKT,5
580,Arb_01,market,sell,MKT,5
581,MM_01,limit,buy,98.2,10
581,Trend_01,market,buy,MKT,5
581,Arb_01,market,sell,MKT,5
582,MM_01,limit,sell,98.39,10
582,Trend_01,market,buy,MKT,5
582,Arb_01,market,sell,MKT,5
583,MM_01,limit,buy,98.0,10
583,Trend_01,market,sell,MKT,5
584,MM_01,limit,sell,98.1,10
584,Trend_01,market,sell,MKT,5
584,Arb_01,market,buy,MKT,5
585,MM_01,limit,buy,97.55,10
585,Trend_01,market,sell,MKT,5
585,Arb_01,market,buy,MKT,5
586,MM_01,limit,sell,97.56,10
586,Trend_01,market,sell,MKT,5
586,Arb_01,market,buy,MKT,5
587,MM_01,limit,buy,97.67,10
587,Trend_01,market,buy,MKT,5
587,Arb_01,market,buy,MKT,5
588,MM_01,limit,buy,98.2,10
588,Trend_01,market,buy,MKT,5
588,Arb_01,market,buy,MKT,5
589,MM_01,limit,buy,98.45,10
589,Trend_01,market,buy,MKT,5
589,Arb_01,market,sell,MKT,5
590,MM_01,limit,sell,98.09,10
590,Trend_01,market,sell,MKT,5
590,Arb_01,market,sell,MKT,5
591,MM_01,limit,sell,97.22,10
591,Trend_01,market,sell,MKT,5
591,Arb_01,market,sell,MKT,5
592,MM_01,limit,sell,96.72,10
592,Trend_01,market,sell,MKT,5
592,Arb_01,market,buy,MKT,5
593,MM_01,limit,buy,95.9,10
593,Trend_01,market,sell,MKT,5
593,Arb_01,market,sell,MKT,5
594,MM_01,limit,sell,97.22,10
594,Trend_01,market,buy,MKT,5
594,Arb_01,market,sell,MKT,5
595,MM_01,limit,sell,96.97,10
595,Trend_01,market,buy,MKT,5
596,MM_01,limit,buy,95.45,10
596,Trend_01,market,sell,MKT,5
596,Arb_01,market,sell,MKT,5
597,MM_01,limit,sell,95.04,10
597,Trend_01,market,sell,MKT,5
598,MM_01,limit,sell,94.83,10
598,Trend_01,market,sell,MKT,5
599,MM_01,limit,sell,94.94,10
599,Trend_01,market,sell,MKT,5
599,Arb_01,market,buy,MKT,5
600,MM_01,limit,sell,94.59,10
600,Trend_01,market,sell,MKT,5
600,Arb_01,market,buy,MKT,5
601,MM_01,limit,buy,94.44,10
601,Trend_01,market,sell,MKT,5
601,Arb_01,market,buy,MKT,5
602,MM_01,limit,sell,95.23,10
602,Trend_01,market,buy,MKT,5
603,MM_01,limit,buy,94.67,10
603,Trend_01,market,buy,MKT,5
604,MM_01,limit,buy,93.95,10
604,Trend_01,market,sell,MKT,5
604,Arb_01,market,sell,MKT,5
605,MM_01,limit,sell,94.5,10
605,Trend_01,market,sell,MKT,5
605,Arb_01,market,sell,MKT,5
606,MM_01,limit,sell,94.8,10
606,Trend_01,market,buy,MKT,5
607,MM_01,limit,sell,94.64,10
607,Trend_01,market,buy,MKT,5
607,Arb_01,market,sell,MKT,5
608,MM_01,limit,buy,94.64,10
608,Trend_01,market,buy,MKT,5
608,Arb_01,market,buy,MKT,5
609,MM_01,limit,buy,94.14,10
609,Trend_01,market,sell,MKT,5
610,MM_01,limit,sell,94.21,10
610,Trend_01,market,sell,MKT,5
610,Arb_01,market,sell,MKT,5
611,MM_01,limit,sell,94.32,10
611,Trend_01,market,sell,MKT,5
612,MM_01,limit,sell,94.34,10
612,Trend_01,market,buy,MKT,5
612,Arb_01,market,buy,MKT,5
613,MM_01,limit,buy,94.39,10
613,Trend_01,market,buy,MKT,5
613,Arb_01,market,buy,MKT,5
614,MM_01,limit,buy,94.94,10
614,Trend_01,market,buy,MKT,5
614,Arb_01,market,buy,MKT,5
615,MM_01,limit,buy,94.91,10
615,Trend_01,market,buy,MKT,5
616,MM_01,limit,buy,95.57,10
616,Trend_01,market,buy,MKT,5
616,Arb_01,market,buy,MKT,5
617,MM_01,limit,buy,95.5,10
617,Trend_01,market,buy,MKT,5
618,MM_01,limit,buy,94.79,10
618,Trend_01,market,sell,MKT,5
618,Arb_01,market,buy,MKT,5
619,MM_01,limit,buy,95.08,10
619,Trend_01,market,sell,MKT,5
619,Arb_01,market,sell,MKT,5
620,MM_01,limit,sell,94.73,10
620,Trend_01,market,sell,MKT,5
621,MM_01,limit,sell,95.14,10
621,Trend_01,market,buy,MKT,5
621,Arb_01,market,buy,MKT,5
622,MM_01,limit,buy,94.83,10
622,Trend_01,market,sell,MKT,5
622,Arb_01,market,buy,MKT,5
623,MM_01,limit,sell,95.12,10
623,Trend_01,market,buy,MKT,5
624,MM_01,limit,buy,94.8,10
624,Trend_01,market,sell,MKT,5
625,MM_01,limit,sell,95.11,10
625,Trend_01,market,buy,MKT,5
625,Arb_01,market,sell,MKT,5
626,MM_01,limit,buy,94.38,10
626,Trend_01,market,sell,MKT,5
626,Arb_01,market,sell,MKT,5
627,MM_01,limit,sell,93.98,10
627,Trend_01,market,sell,MKT,5
628,MM_01,limit,sell,94.12,10
628,Trend_01,market,sell,MKT,5
629,MM_01,limit,sell,93.84,10
629,Trend_01,market,sell,MKT,5
629,Arb_01,market,sell,MKT,5
630,MM_01,limit,sell,94.17,10
630,Trend_01,market,buy,MKT,5
630,Arb_01,market,sell,MKT,5
631,MM_01,limit,sell,93.79,10
631,Trend_01,market,sell,MKT,5
631,Arb_01,market,sell,MKT,5
632,MM_01,limit,sell,93.34,10
632,Trend_01,market,sell,MKT,5
632,Arb_01,market,buy,MKT,5
633,MM_01,limit,buy,92.71,10
633,Trend_01,market,sell,MKT,5
633,Arb_01,market,buy,MKT,5
634,MM_01,limit,sell,92.49,10
634,Trend_01,market,sell,MKT,5
634,Arb_01,market,sell,MKT,5
635,MM_01,limit,sell,92.31,10
635,Trend_01,market,sell,MKT,5
635,Arb_01,market,sell,MKT,5
636,MM_01,limit,sell,92.78,10
636,Trend_01,market,buy,MKT,5
636,Arb_01,market,buy,MKT,5
637,MM_01,limit,buy,93.14,10
637,Trend_01,market,buy,MKT,5
637,Arb_01,market,sell,MKT,5
638,MM_01,limit,buy,92.5,10
638,Trend_01,market,sell,MKT,5
638,Arb_01,market,buy,MKT,5
639,MM_01,limit,sell,92.66,10
639,Trend_01,market,sell,MKT,5
639,Arb_01,market,sell,MKT,5
640,MM_01,limit,sell,92.51,10
640,Trend_01,market,sell,MKT,5
640,Arb_01,market,buy,MKT,5
641,MM_01,limit,buy,92.96,10
641,Trend_01,market,buy,MKT,5
642,MM_01,limit,buy,92.51,10
642,Trend_01,market,sell,MKT,5
642,Arb_01,market,buy,MKT,5
643,MM_01,limit,sell,92.1,10
643,Trend_01,market,sell,MKT,5
644,MM_01,limit,sell,92.0,10
644,Trend_01,market,sell,MKT,5
644,Arb_01,market,sell,MKT,5
645,MM_01,limit,sell,92.13,10
645,Trend_01,market,sell,MKT,5
645,Arb_01,market,buy,MKT,5
646,MM_01,limit,buy,91.23,10
646,Trend_01,market,sell,MKT,5
646,Arb_01,market,buy,MKT,5
647,MM_01,limit,sell,91.61,10
647,Trend_01,market,sell,MKT,5
647,Arb_01,market,buy,MKT,5
648,MM_01,limit,buy,91.49,10
648,Trend_01,market,sell,MKT,5
648,Arb_01,market,buy,MKT,5
649,MM_01,limit,sell,92.16,10
649,Trend_01,market,buy,MKT,5
649,Arb_01,market,sell,MKT,5
650,MM_01,limit,buy,91.5,10
650,Trend_01,market,sell,MKT,5
651,MM_01,limit,sell,91.8,10
651,Trend_01,market,sell,MKT,5
651,Arb_01,market,buy,MKT,5
652,MM_01,limit,buy,91.98,10
652,Trend_01,market,buy,MKT,5
652,Arb_01,market,buy,MKT,5
653,MM_01,limit,buy,91.66,10
653,Trend_01,market,sell,MKT,5
654,MM_01,limit,sell,92.26,10
654,Trend_01,market,buy,MKT,5
654,Arb_01,market,buy,MKT,5
655,MM_01,limit,buy,92.24,10
655,Trend_01,market,buy,MKT,5
655,Arb_01,market,buy,MKT,5
656,MM_01,limit,buy,91.94,10
656,Trend_01,market,sell,MKT,5
656,Arb_01,market,sell,MKT,5
657,MM_01,limit,sell,92.44,10
657,Trend_01,market,buy,MKT,5
657,Arb_01,market,buy,MKT,5
658,MM_01,limit,buy,92.65,10
658,Trend_01,market,buy,MKT,5
658,Arb_01,market,sell,MKT,5
659,MM_01,limit,buy,92.42,10
659,Trend_01,market,buy,MKT,5
659,Arb_01,market,sell,MKT,5
660,MM_01,limit,sell,92.92,10
660,Trend_01,market,buy,MKT,5
660,Arb_01,market,sell,MKT,5
661,MM_01,limit,buy,92.06,10
661,Trend_01,market,sell,MKT,5
661,Arb_01,market,buy,MKT,5
662,MM_01,limit,sell,92.66,10
662,Trend_01,market,buy,MKT,5
662,Arb_01,market,buy,MKT,5
663,MM_01,limit,buy,93.13,10
663,Trend_01,market,buy,MKT,5
664,MM_01,limit,buy,93.46,10
664,Trend_01,market,buy,MKT,5
664,Arb_01,market,sell,MKT,5
665,MM_01,limit,buy,93.86,10
665,Trend_01,market,buy,MKT,5
665,Arb_01,market,sell,MKT,5
666,MM_01,limit,sell,93.85,10
666,Trend_01,market,buy,MKT,5
667,MM_01,limit,buy,93.1,10
667,Trend_01,market,sell,MKT,5
667,Arb_01,market,sell,MKT,5
668,MM_01,limit,sell,92.55,10
668,Trend_01,market,sell,MKT,5
669,MM_01,limit,sell,92.57,10
669,Trend_01,market,sell,MKT,5
670,MM_01,limit,sell,92.69,10
670,Trend_01,market,sell,MKT,5
671,MM_01,limit,sell,92.59,10
671,Trend_01,market,sell,MKT,5
671,Arb_01,market,sell,MKT,5
672,MM_01,limit,sell,92.93,10
672,Trend_01,market,buy,MKT,5
672,Arb_01,market,sell,MKT,5
673,MM_01,limit,sell,92.96,10
673,Trend_01,market,buy,MKT,5
673,Arb_01,market,buy,MKT,5
674,MM_01,limit,buy,92.96,10
674,Trend_01,market,buy,MKT,5
675,MM_01,limit,buy,92.46,10
675,Trend_01,market,sell,MKT,5
675,Arb_01,market,buy,MKT,5
676,MM_01,limit,buy,92.4,10
676,Trend_01,market,sell,MKT,5
677,MM_01,limit,sell,91.39,10
677,Trend_01,market,sell,MKT,5
678,MM_01,limit,sell,91.78,10
678,Trend_01,market,sell,MKT,5
678,Arb_01,market,sell,MKT,5
679,MM_01,limit,sell,92.44,10
679,Trend_01,market,buy,MKT,5
679,Arb_01,market,sell,MKT,5
680,MM_01,limit,buy,91.96,10
680,Trend_01,market,buy,MKT,5
680,Arb_01,market,sell,MKT,5
681,MM_01,limit,sell,92.02,10
681,Trend_01,market,sell,MKT,5
681,Arb_01,market,buy,MKT,5
682,MM_01,limit,buy,91.96,10
682,Trend_01,market,sell,MKT,5
682,Arb_01,market,sell,MKT,5
683,MM_01,limit,sell,92.49,10
683,Trend_01,market,buy,MKT,5
683,Arb_01,market,sell,MKT,5
684,MM_01,limit,sell,92.44,10
684,Trend_01,market,buy,MKT,5
684,Arb_01,market,buy,MKT,5
685,MM_01,limit,buy,91.51,10
685,Trend_01,market,sell,MKT,5
685,Arb_01,market,sell,MKT,5
686,MM_01,limit,sell,91.46,10
686,Trend_01,market,sell,MKT,5
687,MM_01,limit,sell,91.15,10
687,Trend_01,market,sell,MKT,5
687,Arb_01,market,buy,MKT,5
688,MM_01,limit,buy,91.86,10
688,Trend_01,market,buy,MKT,5
688,Arb_01,market,sell,MKT,5
689,MM_01,limit,sell,91.86,10
689,Trend_01,market,buy,MKT,5
689,Arb_01,market,buy,MKT,5
690,MM_01,limit,buy,91.62,10
690,Trend_01,market,buy,MKT,5
690,Arb_01,market,buy,MKT,5
691,MM_01,limit,buy,92.19,10
691,Trend_01,market,buy,MKT,5
691,Arb_01,market,buy,MKT,5
692,MM_01,limit,buy,91.02,10
692,Trend_01,market,sell,MKT,5
692,Arb_01,market,sell,MKT,5
693,MM_01,limit,sell,91.21,10
693,Trend_01,market,sell,MKT,5
693,Arb_01,market,buy,MKT,5
694,MM_01,limit,buy,90.82,10
694,Trend_01,market,sell,MKT,5
695,MM_01,limit,sell,90.82,10
695,Trend_01,market,sell,MKT,5
695,Arb_01,market,sell,MKT,5
696,MM_01,limit,sell,91.58,10
696,Trend_01,market,buy,MKT,5
697,MM_01,limit,buy,91.55,10
697,Trend_01,market,buy,MKT,5
697,Arb_01,market,buy,MKT,5
698,MM_01,limit,buy,91.15,10
698,Trend_01,market,sell,MKT,5
698,Arb_01,market,sell,MKT,5
699,MM_01,limit,sell,90.93,10
699,Trend_01,market,sell,MKT,5
699,Arb_01,market,sell,MKT,5
700,MM_01,limit,sell,90.97,10
700,Trend_01,market,sell,MKT,5
700,Arb_01,market,sell,MKT,5
701,MM_01,limit,sell,91.06,10
701,Trend_01,market,sell,MKT,5
701,Arb_01,market,sell,MKT,5
702,MM_01,limit,sell,91.05,10
702,Trend_01,market,buy,MKT,5
702,Arb_01,market,sell,MKT,5
703,MM_01,limit,sell,91.33,10
703,Trend_01,market,buy,MKT,5
704,MM_01,limit,buy,90.38,10
704,Trend_01,market,sell,MKT,5
704,Arb_01,market,sell,MKT,5
705,MM_01,limit,sell,90.32,10
705,Trend_01,market,sell,MKT,5
705,Arb_01,market,buy,MKT,5
706,MM_01,limit,sell,91.09,10
706,Trend_01,market,buy,MKT,5
706,Arb_01,market,buy,MKT,5
707,MM_01,limit,buy,91.07,10
707,Trend_01,market,buy,MKT,5
707,Arb_01,market,sell,MKT,5
708,MM_01,limit,buy,91.0,10
708,Trend_01,market,buy,MKT,5
708,Arb_01,market,sell,MKT,5
709,MM_01,limit,sell,91.08,10
709,Trend_01,market,sell,MKT,5
709,Arb_01,market,sell,MKT,5
710,MM_01,limit,sell,91.06,10
710,Trend_01,market,sell,MKT,5
711,MM_01,limit,sell,90.56,10
711,Trend_01,market,sell,MKT,5
712,MM_01,limit,sell,91.57,10
712,Trend_01,market,buy,MKT,5
712,Arb_01,market,sell,MKT,5
713,MM_01,limit,buy,91.08,10
713,Trend_01,market,buy,MKT,5
713,Arb_01,market,sell,MKT,5
714,MM_01,limit,sell,90.66,10
714,Trend_01,market,sell,MKT,5
715,MM_01,limit,sell,90.3,10
715,Trend_01,market,sell,MKT,5
715,Arb_01,market,sell,MKT,5
716,MM_01,limit,sell,90.39,10
716,Trend_01,market,sell,MKT,5
716,Arb_01,market,buy,MKT,5
717,MM_01,limit,buy,90.48,10
717,Trend_01,market,buy,MKT,5
717,Arb_01,market,buy,MKT,5
718,MM_01,limit,buy,90.01,10
718,Trend_01,market,sell,MKT,5
718,Arb_01,market,sell,MKT,5
719,MM_01,limit,sell,89.61,10
719,Trend_01,market,sell,MKT,5
719,Arb_01,market,buy,MKT,5
720,MM_01,limit,sell,89.75,10
720,Trend_01,market,sell,MKT,5
720,Arb_01,market,sell,MKT,5
721,MM_01,limit,sell,89.91,10
721,Trend_01,market,buy,MKT,5
721,Arb_01,market,buy,MKT,5
722,MM_01,limit,buy,90.31,10
722,Trend_01,market,buy,MKT,5
722,Arb_01,market,sell,MKT,5
723,MM_01,limit,buy,90.7,10
723,Trend_01,market,buy,MKT,5
723,Arb_01,market,buy,MKT,5
724,MM_01,limit,buy,89.96,10
724,Trend_01,market,sell,MKT,5
724,Arb_01,market,buy,MKT,5
725,MM_01,limit,sell,90.12,10
725,Trend_01,market,sell,MKT,5
725,Arb_01,market,buy,MKT,5
726,MM_01,limit,buy,89.34,10
726,Trend_01,market,sell,MKT,5
727,MM_01,limit,sell,90.18,10
727,Trend_01,market,buy,MKT,5
727,Arb_01,market,sell,MKT,5
728,MM_01,limit,buy,89.66,10
728,Trend_01,market,sell,MKT,5
729,MM_01,limit,sell,89.07,10
729,Trend_01,market,sell,MKT,5
730,MM_01,limit,sell,88.8,10
730,Trend_01,market,sell,MKT,5
730,Arb_01,market,buy,MKT,5
731,MM_01,limit,buy,88.52,10
731,Trend_01,market,sell,MKT,5
731,Arb_01,market,buy,MKT,5
732,MM_01,limit,sell,89.15,10
732,Trend_01,market,buy,MKT,5
733,MM_01,limit,buy,89.09,10
733,Trend_01,market,buy,MKT,5
733,Arb_01,market,buy,MKT,5
734,MM_01,limit,buy,88.91,10
734,Trend_01,market,buy,MKT,5
734,Arb_01,market,sell,MKT,5
735,MM_01,limit,sell,88.37,10
735,Trend_01,market,sell,MKT,5
736,MM_01,limit,sell,88.66,10
736,Trend_01,market,sell,MKT,5
737,MM_01,limit,sell,88.95,10
737,Trend_01,market,buy,MKT,5
738,MM_01,limit,buy,88.34,10
738,Trend_01,market,sell,MKT,5
739,MM_01,limit,sell,88.29,10
739,Trend_01,market,sell,MKT,5
739,Arb_01,market,sell,MKT,5
740,MM_01,limit,sell,88.59,10
740,Trend_01,market,buy,MKT,5
740,Arb_01,market,buy,MKT,5
741,MM_01,limit,buy,88.18,10
741,Trend_01,market,sell,MKT,5
742,MM_01,limit,buy,88.22,10
742,Trend_01,market,sell,MKT,5
742,Arb_01,market,buy,MKT,5
743,MM_01,limit,sell,89.2,10
743,Trend_01,market,buy,MKT,5
743,Arb_01,market,buy,MKT,5
744,MM_01,limit,buy,88.55,10
744,Trend_01,market,buy,MKT,5
744,Arb_01,market,sell,MKT,5
745,MM_01,limit,buy,88.63,10
745,Trend_01,market,buy,MKT,5
745,Arb_01,market,buy,MKT,5
746,MM_01,limit,buy,89.07,10
746,Trend_01,market,buy,MKT,5
746,Arb_01,market,buy,MKT,5
747,MM_01,limit,buy,88.76,10
747,Trend_01,market,buy,MKT,5
747,Arb_01,market,buy,MKT,5
748,MM_01,limit,buy,88.35,10
748,Trend_01,market,sell,MKT,5
749,MM_01,limit,sell,88.92,10
749,Trend_01,market,buy,MKT,5
749,Arb_01,market,buy,MKT,5
750,MM_01,limit,buy,88.2,10
750,Trend_01,market,sell,MKT,5
751,MM_01,limit,buy,88.27,10
751,Trend_01,market,sell,MKT,5
751,Arb_01,market,buy,MKT,5
752,MM_01,limit,sell,88.06,10
752,Trend_01,market,sell,MKT,5
752,Arb_01,market,buy,MKT,5
753,MM_01,limit,buy,86.81,10
753,Trend_01,market,sell,MKT,5
753,Arb_01,market,buy,MKT,5
754,MM_01,limit,sell,87.6,10
754,Trend_01,market,sell,MKT,5
754,Arb_01,market,sell,MKT,5
755,MM_01,limit,sell,88.0,10
755,Trend_01,market,buy,MKT,5
755,Arb_01,market,sell,MKT,5
756,MM_01,limit,buy,87.72,10
756,Trend_01,market,buy,MKT,5
757,MM_01,limit,buy,87.82,10
757,Trend_01,market,buy,MKT,5
758,MM_01,limit,buy,87.76,10
758,Trend_01,market,sell,MKT,5
758,Arb_01,market,buy,MKT,5
759,MM_01,limit,sell,88.45,10
759,Trend_01,market,buy,MKT,5
760,MM_01,limit,buy,88.61,10
760,Trend_01,market,buy,MKT,5
760,Arb_01,market,buy,MKT,5
761,MM_01,limit,buy,89.07,10
761,Trend_01,market,buy,MKT,5
761,Arb_01,market,sell,MKT,5
762,MM_01,limit,sell,89.28,10
762,Trend_01,market,buy,MKT,5
763,MM_01,limit,buy,89.71,10
763,Trend_01,market,buy,MKT,5
763,Arb_01,market,sell,MKT,5
764,MM_01,limit,sell,90.73,10
764,Trend_01,market,buy,MKT,5
764,Arb_01,market,buy,MKT,5
765,MM_01,limit,buy,90.87,10
765,Trend_01,market,buy,MKT,5
765,Arb_01,market,buy,MKT,5
766,MM_01,limit,buy,89.94,10
766,Trend_01,market,sell,MKT,5
767,MM_01,limit,buy,89.7,10
767,Trend_01,market,sell,MKT,5
767,Arb_01,market,buy,MKT,5
768,MM_01,limit,sell,89.94,10
768,Trend_01,market,sell,MKT,5
768,Arb_01,market,sell,MKT,5
769,MM_01,limit,sell,89.97,10
769,Trend_01,market,buy,MKT,5
769,Arb_01,market,buy,MKT,5
770,MM_01,limit,buy,90.11,10
770,Trend_01,market,buy,MKT,5
770,Arb_01,market,buy,MKT,5
771,MM_01,limit,buy,90.73,10
771,Trend_01,market,buy,MKT,5
772,MM_01,limit,buy,90.42,10
772,Trend_01,market,buy,MKT,5
772,Arb_01,market,buy,MKT,5
773,MM_01,limit,buy,89.5,10
773,Trend_01,market,sell,MKT,5
773,Arb_01,market,buy,MKT,5
774,MM_01,limit,buy,88.91,10
774,Trend_01,market,sell,MKT,5
775,MM_01,limit,sell,88.72,10
775,Trend_01,market,sell,MKT,5
775,Arb_01,market,buy,MKT,5
776,MM_01,limit,buy,88.25,10
776,Trend_01,market,sell,MKT,5
776,Arb_01,market,sell,MKT,5
777,MM_01,limit,sell,88.85,10
777,Trend_01,market,buy,MKT,5
777,Arb_01,market,sell,MKT,5
778,MM_01,limit,sell,88.8,10
778,Trend_01,market,buy,MKT,5
779,MM_01,limit,buy,88.18,10
779,Trend_01,market,sell,MKT,5
780,MM_01,limit,sell,88.04,10
780,Trend_01,market,sell,MKT,5
780,Arb_01,market,buy,MKT,5
781,MM_01,limit,buy,87.6,10
781,Trend_01,market,sell,MKT,5
781,Arb_01,market,buy,MKT,5
782,MM_01,limit,sell,87.91,10
782,Trend_01,market,sell,MKT,5
782,Arb_01,market,buy,MKT,5
783,MM_01,limit,buy,87.07,10
783,Trend_01,market,sell,MKT,5
783,Arb_01,market,sell,MKT,5
784,MM_01,limit,sell,88.62,10
784,Trend_01,market,buy,MKT,5
784,Arb_01,market,sell,MKT,5
785,MM_01,limit,sell,88.52,10
785,Trend_01,market,buy,MKT,5
785,Arb_01,market,buy,MKT,5
786,MM_01,limit,buy,87.65,10
786,Trend_01,market,sell,MKT,5
786,Arb_01,market,sell,MKT,5
787,MM_01,limit,sell,88.38,10
787,Trend_01,market,buy,MKT,5
787,Arb_01,market,buy,MKT,5
788,MM_01,limit,buy,87.98,10
788,Trend_01,market,sell,MKT,5
789,MM_01,limit,buy,88.82,10
789,Trend_01,market,buy,MKT,5
789,Arb_01,market,sell,MKT,5
790,MM_01,limit,sell,90.36,10
790,Trend_01,market,buy,MKT,5
790,Arb_01,market,buy,MKT,5
791,MM_01,limit,buy,89.91,10
791,Trend_01,market,buy,MKT,5
791,Arb_01,market,sell,MKT,5
792,MM_01,limit,buy,89.61,10
792,Trend_01,market,sell,MKT,5
793,MM_01,limit,sell,90.03,10
793,Trend_01,market,sell,MKT,5
793,Arb_01,market,buy,MKT,5
794,MM_01,limit,buy,90.29,10
794,Trend_01,market,buy,MKT,5
794,Arb_01,market,buy,MKT,5
795,MM_01,limit,buy,90.53,10
795,Trend_01,market,buy,MKT,5
795,Arb_01,market,buy,MKT,5
796,MM_01,limit,buy,90.2,10
796,Trend_01,market,sell,MKT,5
797,MM_01,limit,sell,90.2,10
797,Trend_01,market,sell,MKT,5
797,Arb_01,market,buy,MKT,5
798,MM_01,limit,buy,90.23,10
798,Trend_01,market,sell,MKT,5
799,MM_01,limit,sell,90.0,10
799,Trend_01,market,sell,MKT,5
799,Arb_01,market,buy,MKT,5
800,MM_01,limit,buy,89.65,10
800,Trend_01,market,sell,MKT,5
800,Arb_01,market,buy,MKT,5
801,MM_01,limit,sell,89.55,10
801,Trend_01,market,sell,MKT,5
801,Arb_01,market,sell,MKT,5
802,MM_01,limit,sell,90.07,10
802,Trend_01,market,buy,MKT,5
803,MM_01,limit,buy,89.64,10
803,Trend_01,market,sell,MKT,5
804,MM_01,limit,sell,89.94,10
804,Trend_01,market,buy,MKT,5
804,Arb_01,market,buy,MKT,5
805,MM_01,limit,buy,89.3,10
805,Trend_01,market,sell,MKT,5
805,Arb_01,market,sell,MKT,5
806,MM_01,limit,sell,89.32,10
806,Trend_01,market,sell,MKT,5
807,MM_01,limit,sell,89.35,10
807,Trend_01,market,sell,MKT,5
807,Arb_01,market,sell,MKT,5
808,MM_01,limit,sell,89.16,10
808,Trend_01,market,sell,MKT,5
809,MM_01,limit,sell,89.04,10
809,Trend_01,market,sell,MKT,5
809,Arb_01,market,buy,MKT,5
810,MM_01,limit,buy,88.99,10
810,Trend_01,market,sell,MKT,5
810,Arb_01,market,sell,MKT,5
811,MM_01,limit,sell,88.72,10
811,Trend_01,market,sell,MKT,5
811,Arb_01,market,sell,MKT,5
812,MM_01,limit,sell,89.36,10
812,Trend_01,market,buy,MKT,5
812,Arb_01,market,buy,MKT,5
813,MM_01,limit,buy,89.4,10
813,Trend_01,market,buy,MKT,5
813,Arb_01,market,sell,MKT,5
814,MM_01,limit,sell,88.72,10
814,Trend_01,market,sell,MKT,5
815,MM_01,limit,sell,89.34,10
815,Trend_01,market,buy,MKT,5
816,MM_01,limit,buy,89.58,10
816,Trend_01,market,buy,MKT,5
817,MM_01,limit,buy,89.64,10
817,Trend_01,market,buy,MKT,5
817,Arb_01,market,buy,MKT,5
818,MM_01,limit,buy,90.28,10
818,Trend_01,market,buy,MKT,5
818,Arb_01,market,sell,MKT,5
819,MM_01,limit,sell,89.27,10
819,Trend_01,market,sell,MKT,5
819,Arb_01,market,buy,MKT,5
820,MM_01,limit,buy,89.34,10
820,Trend_01,market,sell,MKT,5
820,Arb_01,market,sell,MKT,5
821,MM_01,limit,sell,89.02,10
821,Trend_01,market,sell,MKT,5
821,Arb_01,market,sell,MKT,5
822,MM_01,limit,sell,89.94,10
822,Trend_01,market,buy,MKT,5
822,Arb_01,market,sell,MKT,5
823,MM_01,limit,sell,90.72,10
823,Trend_01,market,buy,MKT,5
824,MM_01,limit,buy,91.31,10
824,Trend_01,market,buy,MKT,5
825,MM_01,limit,buy,91.28,10
825,Trend_01,market,buy,MKT,5
826,MM_01,limit,buy,92.23,10
826,Trend_01,market,buy,MKT,5
826,Arb_01,market,sell,MKT,5
827,MM_01,limit,sell,92.01,10
827,Trend_01,market,buy,MKT,5
827,Arb_01,market,buy,MKT,5
828,MM_01,limit,buy,91.71,10
828,Trend_01,market,sell,MKT,5
829,MM_01,limit,buy,92.05,10
829,Trend_01,market,buy,MKT,5
829,Arb_01,market,sell,MKT,5
830,MM_01,limit,sell,91.62,10
830,Trend_01,market,sell,MKT,5
831,MM_01,limit,sell,91.74,10
831,Trend_01,market,sell,MKT,5
831,Arb_01,market,buy,MKT,5
832,MM_01,limit,buy,92.4,10
832,Trend_01,market,buy,MKT,5
832,Arb_01,market,buy,MKT,5
833,MM_01,limit,buy,93.34,10
833,Trend_01,market,buy,MKT,5
833,Arb_01,market,sell,MKT,5
834,MM_01,limit,sell,93.12,10
834,Trend_01,market,buy,MKT,5
834,Arb_01,market,buy,MKT,5
835,MM_01,limit,buy,93.05,10
835,Trend_01,market,buy,MKT,5
835,Arb_01,market,sell,MKT,5
836,MM_01,limit,buy,93.0,10
836,Trend_01,market,sell,MKT,5
836,Arb_01,market,buy,MKT,5
837,MM_01,limit,sell,92.67,10
837,Trend_01,market,sell,MKT,5
837,Arb_01,market,sell,MKT,5
838,MM_01,limit,sell,92.43,10
838,Trend_01,market,sell,MKT,5
838,Arb_01,market,buy,MKT,5
839,MM_01,limit,buy,92.12,10
839,Trend_01,market,sell,MKT,5
840,MM_01,limit,sell,92.09,10
840,Trend_01,market,sell,MKT,5
840,Arb_01,market,buy,MKT,5
841,MM_01,limit,buy,91.81,10
841,Trend_01,market,sell,MKT,5
841,Arb_01,market,buy,MKT,5
842,MM_01,limit,sell,92.47,10
842,Trend_01,market,buy,MKT,5
842,Arb_01,market,buy,MKT,5
843,MM_01,limit,buy,91.57,10
843,Trend_01,market,sell,MKT,5
843,Arb_01,market,sell,MKT,5
844,MM_01,limit,sell,91.67,10
844,Trend_01,market,sell,MKT,5
844,Arb_01,market,sell,MKT,5
845,MM_01,limit,sell,91.27,10
845,Trend_01,market,sell,MKT,5
846,MM_01,limit,sell,91.09,10
846,Trend_01,market,sell,MKT,5
846,Arb_01,market,buy,MKT,5
847,MM_01,limit,buy,90.84,10
847,Trend_01,market,sell,MKT,5
847,Arb_01,market,sell,MKT,5
848,MM_01,limit,sell,90.3,10
848,Trend_01,market,sell,MKT,5
848,Arb_01,market,buy,MKT,5
849,MM_01,limit,sell,90.24,10
849,Trend_01,market,sell,MKT,5
850,MM_01,limit,sell,89.3,10
850,Trend_01,market,sell,MKT,5
850,Arb_01,market,sell,MKT,5
851,MM_01,limit,sell,88.99,10
851,Trend_01,market,sell,MKT,5
851,Arb_01,market,sell,MKT,5
852,MM_01,limit,sell,88.37,10
852,Trend_01,market,sell,MKT,5
852,Arb_01,market,sell,MKT,5
853,MM_01,limit,sell,88.35,10
853,Trend_01,market,sell,MKT,5
853,Arb_01,market,buy,MKT,5
854,MM_01,limit,buy,87.35,10
854,Trend_01,market,sell,MKT,5
854,Arb_01,market,sell,MKT,5
855,MM_01,limit,sell,87.57,10
855,Trend_01,market,sell,MKT,5
856,MM_01,limit,sell,87.19,10
856,Trend_01,market,sell,MKT,5
857,MM_01,limit,sell,86.78,10
857,Trend_01,market,sell,MKT,5
857,Arb_01,market,buy,MKT,5
858,MM_01,limit,sell,87.01,10
858,Trend_01,market,sell,MKT,5
858,Arb_01,market,sell,MKT,5
859,MM_01,limit,sell,86.83,10
859,Trend_01,market,sell,MKT,5
860,MM_01,limit,sell,87.18,10
860,Trend_01,market,buy,MKT,5
860,Arb_01,market,sell,MKT,5
861,MM_01,limit,buy,87.52,10
861,Trend_01,market,buy,MKT,5
861,Arb_01,market,sell,MKT,5
862,MM_01,limit,sell,87.74,10
862,Trend_01,market,buy,MKT,5
863,MM_01,limit,buy,88.34,10
863,Trend_01,market,buy,MKT,5
863,Arb_01,market,sell,MKT,5
864,MM_01,limit,sell,88.07,10
864,Trend_01,market,buy,MKT,5
864,Arb_01,market,sell,MKT,5
865,MM_01,limit,buy,88.31,10
865,Trend_01,market,buy,MKT,5
866,MM_01,limit,buy,87.64,10
866,Trend_01,market,sell,MKT,5
867,MM_01,limit,sell,87.78,10
867,Trend_01,market,sell,MKT,5
868,MM_01,limit,sell,87.3,10
868,Trend_01,market,sell,MKT,5
868,Arb_01,market,buy,MKT,5
869,MM_01,limit,buy,88.09,10
869,Trend_01,market,buy,MKT,5
869,Arb_01,market,buy,MKT,5
870,MM_01,limit,buy,88.03,10
870,Trend_01,market,buy,MKT,5
870,Arb_01,market,buy,MKT,5
871,MM_01,limit,buy,88.08,10
871,Trend_01,market,buy,MKT,5
871,Arb_01,market,buy,MKT,5
872,MM_01,limit,buy,88.14,10
872,Trend_01,market,buy,MKT,5
872,Arb_01,market,sell,MKT,5
873,MM_01,limit,sell,88.64,10
873,Trend_01,market,buy,MKT,5
874,MM_01,limit,buy,88.25,10
874,Trend_01,market,buy,MKT,5
874,Arb_01,market,sell,MKT,5
875,MM_01,limit,sell,88.95,10
875,Trend_01,market,buy,MKT,5
875,Arb_01,market,buy,MKT,5
876,MM_01,limit,buy,89.41,10
876,Trend_01,market,buy,MKT,5
877,MM_01,limit,buy,89.11,10
877,Trend_01,market,buy,MKT,5
878,MM_01,limit,buy,90.17,10
878,Trend_01,market,buy,MKT,5
878,Arb_01,market,buy,MKT,5
879,MM_01,limit,buy,90.69,10
879,Trend_01,market,buy,MKT,5
879,Arb_01,market,buy,MKT,5
880,MM_01,limit,buy,89.83,10
880,Trend_01,market,sell,MKT,5
881,MM_01,limit,buy,89.82,10
881,Trend_01,market,sell,MKT,5
881,Arb_01,market,buy,MKT,5
882,MM_01,limit,sell,89.78,10
882,Trend_01,market,sell,MKT,5
882,Arb_01,market,sell,MKT,5
883,MM_01,limit,sell,90.81,10
883,Trend_01,market,buy,MKT,5
883,Arb_01,market,buy,MKT,5
884,MM_01,limit,buy,91.16,10
884,Trend_01,market,buy,MKT,5
884,Arb_01,market,buy,MKT,5
885,MM_01,limit,buy,90.18,10
885,Trend_01,market,sell,MKT,5
885,Arb_01,market,buy,MKT,5
886,MM_01,limit,buy,89.9,10
886,Trend_01,market,sell,MKT,5
886,Arb_01,market,sell,MKT,5
887,MM_01,limit,sell,90.18,10
887,Trend_01,market,sell,MKT,5
888,MM_01,limit,sell,90.76,10
888,Trend_01,market,buy,MKT,5
888,Arb_01,market,buy,MKT,5
889,MM_01,limit,buy,90.28,10
889,Trend_01,market,buy,MKT,5
890,MM_01,limit,buy,90.99,10
890,Trend_01,market,buy,MKT,5
890,Arb_01,market,sell,MKT,5
891,MM_01,limit,sell,90.32,10
891,Trend_01,market,sell,MKT,5
891,Arb_01,market,buy,MKT,5
892,MM_01,limit,buy,90.62,10
892,Trend_01,market,buy,MKT,5
893,MM_01,limit,buy,90.38,10
893,Trend_01,market,sell,MKT,5
893,Arb_01,market,sell,MKT,5
894,MM_01,limit,sell,90.13,10
894,Trend_01,market,sell,MKT,5
894,Arb_01,market,sell,MKT,5
895,MM_01,limit,sell,90.79,10
895,Trend_01,market,buy,MKT,5
895,Arb_01,market,buy,MKT,5
896,MM_01,limit,buy,91.0,10
896,Trend_01,market,buy,MKT,5
896,Arb_01,market,sell,MKT,5
897,MM_01,limit,sell,91.61,10
897,Trend_01,market,buy,MKT,5
897,Arb_01,market,buy,MKT,5
898,MM_01,limit,buy,91.29,10
898,Trend_01,market,buy,MKT,5
898,Arb_01,market,buy,MKT,5
899,MM_01,limit,buy,91.46,10
899,Trend_01,market,buy,MKT,5
900,MM_01,limit,buy,91.35,10
900,Trend_01,market,sell,MKT,5
901,MM_01,limit,buy,91.13,10
901,Trend_01,market,sell,MKT,5
901,Arb_01,market,sell,MKT,5
902,MM_01,limit,sell,92.05,10
902,Trend_01,market,buy,MKT,5
902,Arb_01,market,sell,MKT,5
903,MM_01,limit,sell,92.69,10
903,Trend_01,market,buy,MKT,5
903,Arb_01,market,buy,MKT,5
904,MM_01,limit,buy,93.61,10
904,Trend_01,market,buy,MKT,5
904,Arb_01,market,buy,MKT,5
905,MM_01,limit,buy,94.3,10
905,Trend_01,market,buy,MKT,5
906,MM_01,limit,buy,94.31,10
906,Trend_01,market,buy,MKT,5
906,Arb_01,market,sell,MKT,5
907,MM_01,limit,buy,93.82,10
907,Trend_01,market,sell,MKT,5
907,Arb_01,market,buy,MKT,5
908,MM_01,limit,sell,93.3,10
908,Trend_01,market,sell,MKT,5
908,Arb_01,market,buy,MKT,5
909,MM_01,limit,buy,92.91,10
909,Trend_01,market,sell,MKT,5
909,Arb_01,market,sell,MKT,5
910,MM_01,limit,sell,92.97,10
910,Trend_01,market,sell,MKT,5
910,Arb_01,market,sell,MKT,5
911,MM_01,limit,sell,92.72,10
911,Trend_01,market,sell,MKT,5
911,Arb_01,market,sell,MKT,5
912,MM_01,limit,sell,92.59,10
912,Trend_01,market,sell,MKT,5
913,MM_01,limit,sell,92.83,10
913,Trend_01,market,buy,MKT,5
914,MM_01,limit,sell,93.31,10
914,Trend_01,market,buy,MKT,5
915,MM_01,limit,buy,92.8,10
915,Trend_01,market,buy,MKT,5
915,Arb_01,market,buy,MKT,5
916,MM_01,limit,buy,93.08,10
916,Trend_01,market,buy,MKT,5
916,Arb_01,market,buy,MKT,5
917,MM_01,limit,buy,94.27,10
917,Trend_01,market,buy,MKT,5
918,MM_01,limit,buy,93.94,10
918,Trend_01,market,buy,MKT,5
918,Arb_01,market,sell,MKT,5
919,MM_01,limit,sell,93.93,10
919,Trend_01,market,sell,MKT,5
920,MM_01,limit,sell,93.3,10
920,Trend_01,market,sell,MKT,5
920,Arb_01,market,buy,MKT,5
921,MM_01,limit,buy,93.85,10
921,Trend_01,market,buy,MKT,5
922,MM_01,limit,buy,94.33,10
922,Trend_01,market,buy,MKT,5
922,Arb_01,market,sell,MKT,5
923,MM_01,limit,sell,93.87,10
923,Trend_01,market,sell,MKT,5
924,MM_01,limit,sell,93.19,10
924,Trend_01,market,sell,MKT,5
924,Arb_01,market,buy,MKT,5
925,MM_01,limit,buy,92.99,10
925,Trend_01,market,sell,MKT,5
925,Arb_01,market,buy,MKT,5
926,MM_01,limit,sell,92.94,10
926,Trend_01,market,sell,MKT,5
926,Arb_01,market,sell,MKT,5
927,MM_01,limit,sell,93.66,10
927,Trend_01,market,buy,MKT,5
927,Arb_01,market,buy,MKT,5
928,MM_01,limit,buy,92.85,10
928,Trend_01,market,sell,MKT,5
929,MM_01,limit,buy,92.97,10
929,Trend_01,market,sell,MKT,5
930,MM_01,limit,sell,93.64,10
930,Trend_01,market,buy,MKT,5
931,MM_01,limit,buy,93.88,10
931,Trend_01,market,buy,MKT,5
932,MM_01,limit,buy,94.07,10
932,Trend_01,market,buy,MKT,5
932,Arb_01,market,sell,MKT,5
933,MM_01,limit,sell,93.96,10
933,Trend_01,market,sell,MKT,5
933,Arb_01,market,sell,MKT,5
934,MM_01,limit,sell,94.08,10
934,Trend_01,market,sell,MKT,5
935,MM_01,limit,sell,94.33,10
935,Trend_01,market,buy,MKT,5
935,Arb_01,market,buy,MKT,5
936,MM_01,limit,buy,94.76,10
936,Trend_01,market,buy,MKT,5
936,Arb_01,market,sell,MKT,5
937,MM_01,limit,buy,94.82,10
937,Trend_01,market,buy,MKT,5
937,Arb_01,market,sell,MKT,5
938,MM_01,limit,sell,95.49,10
938,Trend_01,market,buy,MKT,5
938,Arb_01,market,sell,MKT,5
939,MM_01,limit,buy,95.61,10
939,Trend_01,market,buy,MKT,5
940,MM_01,limit,buy,95.18,10
940,Trend_01,market,sell,MKT,5
940,Arb_01,market,sell,MKT,5
941,MM_01,limit,sell,94.92,10
941,Trend_01,market,sell,MKT,5
941,Arb_01,market,sell,MKT,5
942,MM_01,limit,sell,94.38,10
942,Trend_01,market,sell,MKT,5
943,MM_01,limit,sell,93.34,10
943,Trend_01,market,sell,MKT,5
943,Arb_01,market,buy,MKT,5
944,MM_01,limit,sell,93.03,10
944,Trend_01,market,sell,MKT,5
945,MM_01,limit,sell,93.3,10
945,Trend_01,market,sell,MKT,5
946,MM_01,limit,sell,92.99,10
946,Trend_01,market,sell,MKT,5
946,Arb_01,market,buy,MKT,5
947,MM_01,limit,buy,92.69,10
947,Trend_01,market,sell,MKT,5
947,Arb_01,market,buy,MKT,5
948,MM_01,limit,sell,93.34,10
948,Trend_01,market,buy,MKT,5
948,Arb_01,market,buy,MKT,5
949,MM_01,limit,buy,92.56,10
949,Trend_01,market,sell,MKT,5
949,Arb_01,market,buy,MKT,5
950,MM_01,limit,buy,93.2,10
950,Trend_01,market,buy,MKT,5
950,Arb_01,market,buy,MKT,5
951,MM_01,limit,buy,92.49,10
951,Trend_01,market,sell,MKT,5
951,Arb_01,market,sell,MKT,5
952,MM_01,limit,sell,92.92,10
952,Trend_01,market,buy,MKT,5
952,Arb_01,market,buy,MKT,5
953,MM_01,limit,buy,92.47,10
953,Trend_01,market,sell,MKT,5
953,Arb_01,market,buy,MKT,5
954,MM_01,limit,sell,92.99,10
954,Trend_01,market,buy,MKT,5
955,MM_01,limit,buy,92.04,10
955,Trend_01,market,sell,MKT,5
955,Arb_01,market,sell,MKT,5
956,MM_01,limit,sell,91.94,10
956,Trend_01,market,sell,MKT,5
956,Arb_01,market,sell,MKT,5
957,MM_01,limit,sell,92.05,10
957,Trend_01,market,sell,MKT,5
957,Arb_01,market,buy,MKT,5
958,MM_01,limit,sell,91.31,10
958,Trend_01,market,sell,MKT,5
958,Arb_01,market,sell,MKT,5
959,MM_01,limit,sell,91.33,10
959,Trend_01,market,sell,MKT,5
960,MM_01,limit,sell,90.78,10
960,Trend_01,market,sell,MKT,5
961,MM_01,limit,sell,90.87,10
961,Trend_01,market,sell,MKT,5
962,MM_01,limit,sell,90.55,10
962,Trend_01,market,sell,MKT,5
963,MM_01,limit,sell,90.45,10
963,Trend_01,market,sell,MKT,5
963,Arb_01,market,sell,MKT,5
964,MM_01,limit,sell,90.59,10
964,Trend_01,market,sell,MKT,5
965,MM_01,limit,sell,90.51,10
965,Trend_01,market,sell,MKT,5
966,MM_01,limit,sell,91.38,10
966,Trend_01,market,buy,MKT,5
966,Arb_01,market,sell,MKT,5
967,MM_01,limit,buy,91.13,10
967,Trend_01,market,buy,MKT,5
967,Arb_01,market,buy,MKT,5
968,MM_01,limit,buy,89.95,10
968,Trend_01,market,sell,MKT,5
968,Arb_01,market,sell,MKT,5
969,MM_01,limit,sell,89.93,10
969,Trend_01,market,sell,MKT,5
969,Arb_01,market,buy,MKT,5
970,MM_01,limit,sell,91.01,10
970,Trend_01,market,buy,MKT,5
970,Arb_01,market,sell,MKT,5
971,MM_01,limit,buy,90.99,10
971,Trend_01,market,buy,MKT,5
971,Arb_01,market,buy,MKT,5
972,MM_01,limit,buy,90.82,10
972,Trend_01,market,buy,MKT,5
972,Arb_01,market,sell,MKT,5
973,MM_01,limit,sell,91.23,10
973,Trend_01,market,buy,MKT,5
973,Arb_01,market,sell,MKT,5
974,MM_01,limit,buy,91.33,10
974,Trend_01,market,buy,MKT,5
975,MM_01,limit,buy,91.52,10
975,Trend_01,market,buy,MKT,5
975,Arb_01,market,sell,MKT,5
976,MM_01,limit,sell,91.64,10
976,Trend_01,market,buy,MKT,5
976,Arb_01,market,buy,MKT,5
977,MM_01,limit,buy,92.27,10
977,Trend_01,market,buy,MKT,5
978,MM_01,limit,buy,91.95,10
978,Trend_01,market,buy,MKT,5
978,Arb_01,market,sell,MKT,5
979,MM_01,limit,buy,91.78,10
979,Trend_01,market,sell,MKT,5
979,Arb_01,market,sell,MKT,5
980,MM_01,limit,sell,91.28,10
980,Trend_01,market,sell,MKT,5
980,Arb_01,market,buy,MKT,5
981,MM_01,limit,sell,91.95,10
981,Trend_01,market,buy,MKT,5
981,Arb_01,market,sell,MKT,5
982,MM_01,limit,buy,91.38,10
982,Trend_01,market,sell,MKT,5
983,MM_01,limit,sell,92.42,10
983,Trend_01,market,buy,MKT,5
984,MM_01,limit,buy,93.11,10
984,Trend_01,market,buy,MKT,5
984,Arb_01,market,buy,MKT,5
985,MM_01,limit,buy,92.77,10
985,Trend_01,market,buy,MKT,5
985,Arb_01,market,sell,MKT,5
986,MM_01,limit,sell,93.31,10
986,Trend_01,market,buy,MKT,5
986,Arb_01,market,buy,MKT,5
987,MM_01,limit,buy,92.61,10
987,Trend_01,market,sell,MKT,5
987,Arb_01,market,buy,MKT,5
988,MM_01,limit,buy,93.01,10
988,Trend_01,market,buy,MKT,5
988,Arb_01,market,buy,MKT,5
989,MM_01,limit,buy,93.16,10
989,Trend_01,market,buy,MKT,5
989,Arb_01,market,sell,MKT,5
990,MM_01,limit,sell,93.41,10
990,Trend_01,market,buy,MKT,5
990,Arb_01,market,buy,MKT,5
991,MM_01,limit,buy,93.32,10
991,Trend_01,market,buy,MKT,5
991,Arb_01,market,buy,MKT,5
992,MM_01,limit,buy,93.53,10
992,Trend_01,market,buy,MKT,5
993,MM_01,limit,buy,94.11,10
993,Trend_01,market,buy,MKT,5
994,MM_01,limit,buy,93.73,10
994,Trend_01,market,buy,MKT,5
994,Arb_01,market,sell,MKT,5
995,MM_01,limit,buy,93.56,10
995,Trend_01,market,sell,MKT,5
995,Arb_01,market,buy,MKT,5
996,MM_01,limit,sell,93.66,10
996,Trend_01,market,sell,MKT,5
996,Arb_01,market,buy,MKT,5
997,MM_01,limit,buy,93.76,10
997,Trend_01,market,buy,MKT,5
997,Arb_01,market,sell,MKT,5
998,MM_01,limit,sell,93.53,10
998,Trend_01,market,sell,MKT,5
998,Arb_01,market,sell,MKT,5
999,MM_01,limit,sell,94.25,10
999,Trend_01,market,buy,MKT,5
